<acide.configuration.menu.AcideMenuItemsConfiguration>
  <__itemsManager>
    <__list>
      <__list>
        <acide.configuration.menu.AcideMenuSubmenuConfiguration>
          <__itemsManager>
            <__list>
              <__list>
                <acide.configuration.menu.AcideMenuItemConfiguration>
                  <__command>$NEW_FILE</__command>
                  <__parameter>None</__parameter>
                  <__name>New File</__name>
                  <__visible>true</__visible>
                  <__erasable>false</__erasable>
                  <__image>./resources/icons/menu/file/newFile.png</__image>
                </acide.configuration.menu.AcideMenuItemConfiguration>
                <acide.configuration.menu.AcideMenuItemConfiguration>
                  <__command>$OPEN_FILE</__command>
                  <__parameter>None</__parameter>
                  <__name>Open File</__name>
                  <__visible>true</__visible>
                  <__erasable>false</__erasable>
                  <__image>./resources/icons/menu/file/openFile.png</__image>
                </acide.configuration.menu.AcideMenuItemConfiguration>
                <acide.configuration.menu.AcideMenuSubmenuConfiguration>
                  <__itemsManager>
                    <__list>
                      <__list/>
                    </__list>
                  </__itemsManager>
                  <__name>Open Recent Files</__name>
                  <__visible>true</__visible>
                  <__erasable>false</__erasable>
                  <__image></__image>
                </acide.configuration.menu.AcideMenuSubmenuConfiguration>
                <acide.configuration.menu.AcideMenuItemConfiguration>
                  <__command>$OPEN_ALL_FILES</__command>
                  <__parameter>None</__parameter>
                  <__name>Open All Files</__name>
                  <__visible>true</__visible>
                  <__erasable>false</__erasable>
                  <__image>./resources/icons/menu/file/openAllFiles.png</__image>
                </acide.configuration.menu.AcideMenuItemConfiguration>
                <acide.configuration.menu.AcideMenuItemConfiguration>
                  <__command>$CLOSE_FILE</__command>
                  <__parameter>None</__parameter>
                  <__name>Close File</__name>
                  <__visible>true</__visible>
                  <__erasable>false</__erasable>
                  <__image>./resources/icons/menu/file/closeFile.png</__image>
                </acide.configuration.menu.AcideMenuItemConfiguration>
                <acide.configuration.menu.AcideMenuItemConfiguration>
                  <__command>$CLOSE_ALL_FILES</__command>
                  <__parameter>None</__parameter>
                  <__name>Close All Files</__name>
                  <__visible>true</__visible>
                  <__erasable>false</__erasable>
                  <__image>./resources/icons/menu/file/closeAllFiles.png</__image>
                </acide.configuration.menu.AcideMenuItemConfiguration>
                <acide.configuration.menu.AcideMenuItemConfiguration>
                  <__command>$SAVE_FILE</__command>
                  <__parameter>None</__parameter>
                  <__name>Save File</__name>
                  <__visible>true</__visible>
                  <__erasable>false</__erasable>
                  <__image>./resources/icons/menu/file/saveFile.png</__image>
                </acide.configuration.menu.AcideMenuItemConfiguration>
                <acide.configuration.menu.AcideMenuItemConfiguration>
                  <__command>$SAVE_FILE_AS</__command>
                  <__parameter>None</__parameter>
                  <__name>Save File As</__name>
                  <__visible>true</__visible>
                  <__erasable>false</__erasable>
                  <__image>./resources/icons/menu/file/saveFileAs.png</__image>
                </acide.configuration.menu.AcideMenuItemConfiguration>
                <acide.configuration.menu.AcideMenuItemConfiguration>
                  <__command>$SAVE_ALL_FILES</__command>
                  <__parameter>None</__parameter>
                  <__name>Save All Files</__name>
                  <__visible>true</__visible>
                  <__erasable>false</__erasable>
                  <__image>./resources/icons/menu/file/saveAllFiles.png</__image>
                </acide.configuration.menu.AcideMenuItemConfiguration>
                <acide.configuration.menu.AcideMenuItemConfiguration>
                  <__command>$PRINT_FILE</__command>
                  <__parameter>None</__parameter>
                  <__name>Print File</__name>
                  <__visible>true</__visible>
                  <__erasable>false</__erasable>
                  <__image>./resources/icons/menu/file/printFile.png</__image>
                </acide.configuration.menu.AcideMenuItemConfiguration>
                <acide.configuration.menu.AcideMenuItemConfiguration>
                  <__command>$EXIT_FILE</__command>
                  <__parameter>None</__parameter>
                  <__name>Exit File</__name>
                  <__visible>true</__visible>
                  <__erasable>false</__erasable>
                  <__image>./resources/icons/menu/file/exit.png</__image>
                </acide.configuration.menu.AcideMenuItemConfiguration>
              </__list>
            </__list>
          </__itemsManager>
          <__name>File</__name>
          <__visible>true</__visible>
          <__erasable>false</__erasable>
          <__image></__image>
        </acide.configuration.menu.AcideMenuSubmenuConfiguration>
        <acide.configuration.menu.AcideMenuSubmenuConfiguration>
          <__itemsManager>
            <__list>
              <__list>
                <acide.configuration.menu.AcideMenuItemConfiguration>
                  <__command>$UNDO</__command>
                  <__parameter>None</__parameter>
                  <__name>Undo</__name>
                  <__visible>true</__visible>
                  <__erasable>false</__erasable>
                  <__image>./resources/icons/menu/edit/undo.png</__image>
                </acide.configuration.menu.AcideMenuItemConfiguration>
                <acide.configuration.menu.AcideMenuItemConfiguration>
                  <__command>$REDO</__command>
                  <__parameter>None</__parameter>
                  <__name>Redo</__name>
                  <__visible>true</__visible>
                  <__erasable>false</__erasable>
                  <__image>./resources/icons/menu/edit/redo.png</__image>
                </acide.configuration.menu.AcideMenuItemConfiguration>
                <acide.configuration.menu.AcideMenuItemConfiguration>
                  <__command>$COPY</__command>
                  <__parameter>None</__parameter>
                  <__name>Copy</__name>
                  <__visible>true</__visible>
                  <__erasable>false</__erasable>
                  <__image>./resources/icons/menu/edit/copy.png</__image>
                </acide.configuration.menu.AcideMenuItemConfiguration>
                <acide.configuration.menu.AcideMenuItemConfiguration>
                  <__command>$PASTE</__command>
                  <__parameter>None</__parameter>
                  <__name>Paste</__name>
                  <__visible>true</__visible>
                  <__erasable>false</__erasable>
                  <__image>./resources/icons/menu/edit/paste.png</__image>
                </acide.configuration.menu.AcideMenuItemConfiguration>
                <acide.configuration.menu.AcideMenuItemConfiguration>
                  <__command>$CUT</__command>
                  <__parameter>None</__parameter>
                  <__name>Cut</__name>
                  <__visible>true</__visible>
                  <__erasable>false</__erasable>
                  <__image>./resources/icons/menu/edit/cut.png</__image>
                </acide.configuration.menu.AcideMenuItemConfiguration>
                <acide.configuration.menu.AcideMenuItemConfiguration>
                  <__command>$TOGGLE_COMMENT</__command>
                  <__parameter>None</__parameter>
                  <__name>Toggle Comment</__name>
                  <__visible>true</__visible>
                  <__erasable>false</__erasable>
                  <__image></__image>
                </acide.configuration.menu.AcideMenuItemConfiguration>
                <acide.configuration.menu.AcideMenuItemConfiguration>
                  <__command>$MAKE_COMMENT</__command>
                  <__parameter>None</__parameter>
                  <__name>Make Comment</__name>
                  <__visible>true</__visible>
                  <__erasable>false</__erasable>
                  <__image></__image>
                </acide.configuration.menu.AcideMenuItemConfiguration>
                <acide.configuration.menu.AcideMenuItemConfiguration>
                  <__command>$RELEASE_COMMENT</__command>
                  <__parameter>None</__parameter>
                  <__name>Release Comment</__name>
                  <__visible>true</__visible>
                  <__erasable>false</__erasable>
                  <__image></__image>
                </acide.configuration.menu.AcideMenuItemConfiguration>
                <acide.configuration.menu.AcideMenuItemConfiguration>
                  <__command>$SELECT_ALL</__command>
                  <__parameter>None</__parameter>
                  <__name>Select All</__name>
                  <__visible>true</__visible>
                  <__erasable>false</__erasable>
                  <__image>./resources/icons/menu/edit/selectAll.png</__image>
                </acide.configuration.menu.AcideMenuItemConfiguration>
                <acide.configuration.menu.AcideMenuSubmenuConfiguration>
                  <__itemsManager>
                    <__list>
                      <__list>
                        <acide.configuration.menu.AcideMenuItemConfiguration>
                          <__command>$UPPER_CASE</__command>
                          <__parameter>None</__parameter>
                          <__name>Upper Case</__name>
                          <__visible>true</__visible>
                          <__erasable>false</__erasable>
                          <__image></__image>
                        </acide.configuration.menu.AcideMenuItemConfiguration>  
                        <acide.configuration.menu.AcideMenuItemConfiguration>
                          <__command>$LOWER_CASE</__command>
                          <__parameter>None</__parameter>
                          <__name>Lower Case</__name>
                          <__visible>true</__visible>
                          <__erasable>false</__erasable>
                          <__image></__image>
                        </acide.configuration.menu.AcideMenuItemConfiguration>
                        <acide.configuration.menu.AcideMenuItemConfiguration>
                          <__command>$CAPITALIZE</__command>
                          <__parameter>None</__parameter>
                          <__name>Capitalize</__name>
                          <__visible>true</__visible>
                          <__erasable>false</__erasable>
                          <__image></__image>
                        </acide.configuration.menu.AcideMenuItemConfiguration>
                        <acide.configuration.menu.AcideMenuItemConfiguration>
                          <__command>$INVERT_CASE</__command>
                          <__parameter>None</__parameter>
                          <__name>Invert Case</__name>
                          <__visible>true</__visible>
                          <__erasable>false</__erasable>
                          <__image></__image>
                        </acide.configuration.menu.AcideMenuItemConfiguration>
                      </__list>
                    </__list>
                  </__itemsManager>
                  <__name>Change Case</__name>
                  <__visible>true</__visible>
                  <__erasable>false</__erasable>
                  <__image></__image>
                </acide.configuration.menu.AcideMenuSubmenuConfiguration>
                <acide.configuration.menu.AcideMenuItemConfiguration>
                  <__command>$GO_TO_LINE</__command>
                  <__parameter>None</__parameter>
                  <__name>Go To Line</__name>
                  <__visible>true</__visible>
                  <__erasable>false</__erasable>
                  <__image>./resources/icons/menu/edit/goToLine.png</__image>
                </acide.configuration.menu.AcideMenuItemConfiguration>
                <acide.configuration.menu.AcideMenuItemConfiguration>
                  <__command>$SEARCH</__command>
                  <__parameter>None</__parameter>
                  <__name>Search</__name>
                  <__visible>true</__visible>
                  <__erasable>false</__erasable>
                  <__image>./resources/icons/menu/edit/search.png</__image>
                </acide.configuration.menu.AcideMenuItemConfiguration>
                <acide.configuration.menu.AcideMenuItemConfiguration>
                  <__command>$REPLACE</__command>
                  <__parameter>None</__parameter>
                  <__name>Replace</__name>
                  <__visible>true</__visible>
                  <__erasable>false</__erasable>
                  <__image>./resources/icons/menu/edit/replace.png</__image>
                </acide.configuration.menu.AcideMenuItemConfiguration>
              </__list>
            </__list>
          </__itemsManager>
          <__name>Edit</__name>
          <__visible>true</__visible>
          <__erasable>false</__erasable>
          <__image></__image>
        </acide.configuration.menu.AcideMenuSubmenuConfiguration>
        <acide.configuration.menu.AcideMenuSubmenuConfiguration>
          <__itemsManager>
            <__list>
              <__list>
                <acide.configuration.menu.AcideMenuItemConfiguration>
                  <__command>$NEW_PROJECT</__command>
                  <__parameter>None</__parameter>
                  <__name>New Project</__name>
                  <__visible>true</__visible>
                  <__erasable>false</__erasable>
                  <__image>./resources/icons/menu/project/newProject.png</__image>
                </acide.configuration.menu.AcideMenuItemConfiguration>
                <acide.configuration.menu.AcideMenuItemConfiguration>
                  <__command>$OPEN_PROJECT</__command>
                  <__parameter>None</__parameter>
                  <__name>Open Project</__name>
                  <__visible>true</__visible>
                  <__erasable>false</__erasable>
                  <__image>./resources/icons/menu/project/openProject.png</__image>
                </acide.configuration.menu.AcideMenuItemConfiguration>
                <acide.configuration.menu.AcideMenuSubmenuConfiguration>
                  <__itemsManager>
                    <__list>
                      <__list/>
                    </__list>
                  </__itemsManager>
                  <__name>Open Recent Projects</__name>
                  <__visible>true</__visible>
                  <__erasable>false</__erasable>
                  <__image></__image>
                </acide.configuration.menu.AcideMenuSubmenuConfiguration>
                <acide.configuration.menu.AcideMenuItemConfiguration>
                  <__command>$CLOSE_PROJECT</__command>
                  <__parameter>None</__parameter>
                  <__name>Close Project</__name>
                  <__visible>true</__visible>
                  <__erasable>false</__erasable>
                  <__image>./resources/icons/menu/project/closeProject.png</__image>
                </acide.configuration.menu.AcideMenuItemConfiguration>
                <acide.configuration.menu.AcideMenuItemConfiguration>
                  <__command>$SAVE_PROJECT</__command>
                  <__parameter>None</__parameter>
                  <__name>Save Project</__name>
                  <__visible>true</__visible>
                  <__erasable>false</__erasable>
                  <__image>./resources/icons/menu/project/saveProject.png</__image>
                </acide.configuration.menu.AcideMenuItemConfiguration>
                <acide.configuration.menu.AcideMenuItemConfiguration>
                  <__command>$SAVE_PROJECT_AS</__command>
                  <__parameter>None</__parameter>
                  <__name>Save Project As</__name>
                  <__visible>true</__visible>
                  <__erasable>false</__erasable>
                  <__image>./resources/icons/menu/project/saveProjectAs.png</__image>
                </acide.configuration.menu.AcideMenuItemConfiguration>
                <acide.configuration.menu.AcideMenuItemConfiguration>
                  <__command>$ADD_OPENED_FILES</__command>
                  <__parameter>None</__parameter>
                  <__name>Add Opened Files</__name>
                  <__visible>true</__visible>
                  <__erasable>false</__erasable>
                  <__image>./resources/icons/menu/project/addOpenedFiles.png</__image>
                </acide.configuration.menu.AcideMenuItemConfiguration>
                <acide.configuration.menu.AcideMenuItemConfiguration>
                  <__command>$NEW_PROJECT_FILE</__command>
                  <__parameter>None</__parameter>
                  <__name>New Project File</__name>
                  <__visible>true</__visible>
                  <__erasable>false</__erasable>
                  <__image>./resources/icons/menu/project/newFile.png</__image>
                </acide.configuration.menu.AcideMenuItemConfiguration>
                <acide.configuration.menu.AcideMenuItemConfiguration>
                  <__command>$ADD_FILE</__command>
                  <__parameter>None</__parameter>
                  <__name>Add File</__name>
                  <__visible>true</__visible>
                  <__erasable>false</__erasable>
                  <__image>./resources/icons/menu/project/addFile.png</__image>
                </acide.configuration.menu.AcideMenuItemConfiguration>
                <acide.configuration.menu.AcideMenuItemConfiguration>
                  <__command>$REMOVE_FILE</__command>
                  <__parameter>None</__parameter>
                  <__name>Remove File</__name>
                  <__visible>true</__visible>
                  <__erasable>false</__erasable>
                  <__image>./resources/icons/menu/project/removeFile.png</__image>
                </acide.configuration.menu.AcideMenuItemConfiguration>
                <acide.configuration.menu.AcideMenuItemConfiguration>
                  <__command>$DELETE_FILE</__command>
                  <__parameter>None</__parameter>
                  <__name>Delete File</__name>
                  <__visible>true</__visible>
                  <__erasable>false</__erasable>
                  <__image>./resources/icons/menu/project/deleteFile.png</__image>
                </acide.configuration.menu.AcideMenuItemConfiguration>
                <acide.configuration.menu.AcideMenuItemConfiguration>
                  <__command>$ADD_FOLDER</__command>
                  <__parameter>None</__parameter>
                  <__name>Add Folder</__name>
                  <__visible>true</__visible>
                  <__erasable>false</__erasable>
                  <__image>./resources/icons/menu/project/addFolder.png</__image>
                </acide.configuration.menu.AcideMenuItemConfiguration>
                <acide.configuration.menu.AcideMenuItemConfiguration>
                  <__command>$REMOVE_FOLDER</__command>
                  <__parameter>None</__parameter>
                  <__name>Remove Folder</__name>
                  <__visible>true</__visible>
                  <__erasable>false</__erasable>
                  <__image>./resources/icons/menu/project/removeFolder.png</__image>
                </acide.configuration.menu.AcideMenuItemConfiguration>
                <acide.configuration.menu.AcideMenuItemConfiguration>
                  <__command>$COMPILE</__command>
                  <__parameter>None</__parameter>
                  <__name>Compile</__name>
                  <__visible>true</__visible>
                  <__erasable>false</__erasable>
                  <__image>./resources/icons/menu/project/compile.png</__image>
                </acide.configuration.menu.AcideMenuItemConfiguration>
                <acide.configuration.menu.AcideMenuItemConfiguration>
                  <__command>$EXECUTE</__command>
                  <__parameter>None</__parameter>
                  <__name>Execute</__name>
                  <__visible>true</__visible>
                  <__erasable>false</__erasable>
                  <__image>./resources/icons/menu/project/execute.png</__image>
                </acide.configuration.menu.AcideMenuItemConfiguration>
                <acide.configuration.menu.AcideMenuItemConfiguration>
                  <__command>$SET_COMPILABLE_FILE</__command>
                  <__parameter>None</__parameter>
                  <__name>Set Compilable File</__name>
                  <__visible>true</__visible>
                  <__erasable>false</__erasable>
                  <__image>./resources/icons/menu/project/setCompilable.png</__image>
                </acide.configuration.menu.AcideMenuItemConfiguration>
                <acide.configuration.menu.AcideMenuItemConfiguration>
                  <__command>$UNSET_COMPILABLE_FILE</__command>
                  <__parameter>None</__parameter>
                  <__name>Unset Compilable File</__name>
                  <__visible>true</__visible>
                  <__erasable>false</__erasable>
                  <__image>./resources/icons/menu/project/unsetCompilable.png</__image>
                </acide.configuration.menu.AcideMenuItemConfiguration>
                <acide.configuration.menu.AcideMenuItemConfiguration>
                  <__command>$SET_MAIN_FILE</__command>
                  <__parameter>None</__parameter>
                  <__name>Set Main File</__name>
                  <__visible>true</__visible>
                  <__erasable>false</__erasable>
                  <__image>./resources/icons/menu/project/setMain.png</__image>
                </acide.configuration.menu.AcideMenuItemConfiguration>
                <acide.configuration.menu.AcideMenuItemConfiguration>
                  <__command>$UNSET_MAIN_FILE</__command>
                  <__parameter>None</__parameter>
                  <__name>Unset Main File</__name>
                  <__visible>true</__visible>
                  <__erasable>false</__erasable>
                  <__image>./resources/icons/menu/project/unsetMain.png</__image>
                </acide.configuration.menu.AcideMenuItemConfiguration>
              </__list>
            </__list>
          </__itemsManager>
          <__name>Project</__name>
          <__visible>true</__visible>
          <__erasable>false</__erasable>
          <__image></__image>
        </acide.configuration.menu.AcideMenuSubmenuConfiguration>
        <acide.configuration.menu.AcideMenuSubmenuConfiguration>
          <__itemsManager>
            <__list>
              <__list>
                <acide.configuration.menu.AcideMenuItemConfiguration>
                  <__command>$SHOW_LOG_TAB</__command>
                  <__parameter>None</__parameter>
                  <__name>Show Log Tab</__name>
                  <__visible>true</__visible>
                  <__erasable>false</__erasable>
                  <__image>./resources/icons/menu/view/showLogTab.png</__image>
                </acide.configuration.menu.AcideMenuItemConfiguration>
                <acide.configuration.menu.AcideMenuItemConfiguration>
                  <__command>$SHOW_EXPLORER_PANEL</__command>
                  <__parameter>None</__parameter>
                  <__name>Show Explorer Panel</__name>
                  <__visible>true</__visible>
                  <__erasable>false</__erasable>
                  <__image>./resources/icons/menu/view/showExplorerPanel.png</__image>
                </acide.configuration.menu.AcideMenuItemConfiguration>
                <acide.configuration.menu.AcideMenuItemConfiguration>
                  <__command>$SHOW_CONSOLE_PANEL</__command>
                  <__parameter>None</__parameter>
                  <__name>Show Console Panel</__name>
                  <__visible>true</__visible>
                  <__erasable>false</__erasable>
                  <__image>./resources/icons/menu/view/showConsolePanel.png</__image>
                </acide.configuration.menu.AcideMenuItemConfiguration>
                <acide.configuration.menu.AcideMenuItemConfiguration>
                  <__command>$SHOW_DATABASE_PANEL</__command>
                  <__parameter>None</__parameter>
                  <__name>Show Data Base Panel</__name>
                  <__visible>true</__visible>
                  <__erasable>false</__erasable>
                  <__image>./resources/icons/menu/view/showDataBasePanel.png</__image>
                </acide.configuration.menu.AcideMenuItemConfiguration>
				<acide.configuration.menu.AcideMenuItemConfiguration>
                  <__command>$SHOW_GRAPH_PANEL</__command>
                  <__parameter>None</__parameter>
                  <__name>Show Graph Panel</__name>
                  <__visible>true</__visible>
                  <__erasable>false</__erasable>
                  <__image>./resources/icons/menu/view/showGraphPanel.png</__image>
                </acide.configuration.menu.AcideMenuItemConfiguration>
              </__list>
            </__list>
          </__itemsManager>
          <__name>View</__name>
          <__visible>true</__visible>
          <__erasable>false</__erasable>
          <__image></__image>
        </acide.configuration.menu.AcideMenuSubmenuConfiguration>
        <acide.configuration.menu.AcideMenuSubmenuConfiguration>
          <__itemsManager>
            <__list>
              <__list>
                <acide.configuration.menu.AcideMenuSubmenuConfiguration>
                  <__itemsManager>
                    <__list>
                      <__list>
                        <acide.configuration.menu.AcideMenuItemConfiguration>
                          <__command>$NEW_LEXICON</__command>
                          <__parameter>None</__parameter>
                          <__name>New Lexicon</__name>
                          <__visible>true</__visible>
                          <__erasable>false</__erasable>
                          <__image></__image>
                        </acide.configuration.menu.AcideMenuItemConfiguration>
                        <acide.configuration.menu.AcideMenuItemConfiguration>
                          <__command>$DOCUMENT_LEXICON</__command>
                          <__parameter>None</__parameter>
                          <__name>Document Lexicon</__name>
                          <__visible>true</__visible>
                          <__erasable>false</__erasable>
                          <__image></__image>
                        </acide.configuration.menu.AcideMenuItemConfiguration>
                        <acide.configuration.menu.AcideMenuItemConfiguration>
                          <__command>$MODIFY_LEXICON</__command>
                          <__parameter>None</__parameter>
                          <__name>Modify Lexicon</__name>
                          <__visible>true</__visible>
                          <__erasable>false</__erasable>
                          <__image></__image>
                        </acide.configuration.menu.AcideMenuItemConfiguration>
                        <acide.configuration.menu.AcideMenuItemConfiguration>
                          <__command>$DEFAULT_LEXICON</__command>
                          <__parameter>None</__parameter>
                          <__name>Default Lexicons</__name>
                          <__visible>true</__visible>
                          <__erasable>false</__erasable>
                          <__image></__image>
                        </acide.configuration.menu.AcideMenuItemConfiguration>
                      </__list>
                    </__list>
                  </__itemsManager>
                  <__name>Lexicon</__name>
                  <__visible>true</__visible>
                  <__erasable>false</__erasable>
                  <__image></__image>
                </acide.configuration.menu.AcideMenuSubmenuConfiguration>
                <acide.configuration.menu.AcideMenuSubmenuConfiguration>
                  <__itemsManager>
                    <__list>
                      <__list>
                        <acide.configuration.menu.AcideMenuItemConfiguration>
                          <__command>$NEW_GRAMMAR</__command>
                          <__parameter>None</__parameter>
                          <__name>New Grammar</__name>
                          <__visible>true</__visible>
                          <__erasable>false</__erasable>
                          <__image></__image>
                        </acide.configuration.menu.AcideMenuItemConfiguration>
                        <acide.configuration.menu.AcideMenuItemConfiguration>
                          <__command>$LOAD_GRAMMAR</__command>
                          <__parameter>None</__parameter>
                          <__name>Load Grammar</__name>
                          <__visible>true</__visible>
                          <__erasable>false</__erasable>
                          <__image></__image>
                        </acide.configuration.menu.AcideMenuItemConfiguration>
                        <acide.configuration.menu.AcideMenuItemConfiguration>
                          <__command>$MODIFY_GRAMMAR</__command>
                          <__parameter>None</__parameter>
                          <__name>Modify Grammar</__name>
                          <__visible>true</__visible>
                          <__erasable>false</__erasable>
                          <__image></__image>
                        </acide.configuration.menu.AcideMenuItemConfiguration>
                        <acide.configuration.menu.AcideMenuItemConfiguration>
                          <__command>$SAVE_GRAMMAR</__command>
                          <__parameter>None</__parameter>
                          <__name>Save Grammar</__name>
                          <__visible>true</__visible>
                          <__erasable>false</__erasable>
                          <__image></__image>
                        </acide.configuration.menu.AcideMenuItemConfiguration>
                        <acide.configuration.menu.AcideMenuItemConfiguration>
                          <__command>$SAVE_GRAMMAR_AS</__command>
                          <__parameter>None</__parameter>
                          <__name>Save Grammar As</__name>
                          <__visible>true</__visible>
                          <__erasable>false</__erasable>
                          <__image></__image>
                        </acide.configuration.menu.AcideMenuItemConfiguration>
                        <acide.configuration.menu.AcideMenuItemConfiguration>
                          <__command>$SET_PATHS</__command>
                          <__parameter>None</__parameter>
                          <__name>Set Paths</__name>
                          <__visible>true</__visible>
                          <__erasable>false</__erasable>
                          <__image></__image>
                        </acide.configuration.menu.AcideMenuItemConfiguration>
                        <acide.configuration.menu.AcideMenuItemConfiguration>
                          <__command>$AUTO_ANALYSIS</__command>
                          <__parameter>None</__parameter>
                          <__name>Auto-Analysis</__name>
                          <__visible>true</__visible>
                          <__erasable>false</__erasable>
                          <__image></__image>
                        </acide.configuration.menu.AcideMenuItemConfiguration>
                      </__list>
                    </__list>
                  </__itemsManager>
                  <__name>Grammar</__name>
                  <__visible>true</__visible>
                  <__erasable>false</__erasable>
                  <__image></__image>
                </acide.configuration.menu.AcideMenuSubmenuConfiguration>
                <acide.configuration.menu.AcideMenuItemConfiguration>
                  <__command>$COMPILER</__command>
                  <__parameter>None</__parameter>
                  <__name>Compiler</__name>
                  <__visible>true</__visible>
                  <__erasable>false</__erasable>
                  <__image>./resources/icons/menu/configuration/compiler.png</__image>
                </acide.configuration.menu.AcideMenuItemConfiguration>
                <acide.configuration.menu.AcideMenuSubmenuConfiguration>
                  <__itemsManager>
                    <__list>
                      <__list>
                        <acide.configuration.menu.AcideMenuItemConfiguration>
                          <__command>$PREFERENCES</__command>
                          <__parameter>None</__parameter>
                          <__name>Preferences</__name>
                          <__visible>true</__visible>
                          <__erasable>false</__erasable>
                          <__image>./resources/icons/menu/configuration/fileEditor/fileEditorDisplayOptions.png</__image>
                        </acide.configuration.menu.AcideMenuItemConfiguration>  
                        <acide.configuration.menu.AcideMenuItemConfiguration>
                          <__command>$FILE_EDITOR_DISPLAY_OPTIONS</__command>
                          <__parameter>None</__parameter>
                          <__name>File Editor Display Options</__name>
                          <__visible>true</__visible>
                          <__erasable>false</__erasable>
                          <__image>./resources/icons/menu/configuration/fileEditor/fileEditorDisplayOptions.png</__image>
                        </acide.configuration.menu.AcideMenuItemConfiguration>
                        <acide.configuration.menu.AcideMenuItemConfiguration>
                          <__command>$AUTOMATIC_INDENT</__command>
                          <__parameter>None</__parameter>
                          <__name>Automatic Indent</__name>
                          <__visible>true</__visible>
                          <__erasable>false</__erasable>
                          <__image>./resources/icons/menu/configuration/fileEditor/automaticIndent.png</__image>
                        </acide.configuration.menu.AcideMenuItemConfiguration>
                        <acide.configuration.menu.AcideMenuItemConfiguration>
                          <__command>$LINE_WRAPPING</__command>
                          <__parameter>None</__parameter>
                          <__name>Line Wrapping</__name>
                          <__visible>true</__visible>
                          <__erasable>false</__erasable>
                          <__image>./resources/icons/menu/configuration/fileEditor/lineWrapping.png</__image>
                        </acide.configuration.menu.AcideMenuItemConfiguration>
                        <acide.configuration.menu.AcideMenuItemConfiguration>
                          <__command>$MAXIMUM_LINES</__command>
                          <__parameter>None</__parameter>
                          <__name>Maximum Lines To Console</__name>
                          <__visible>true</__visible>
                          <__erasable>false</__erasable>
                          <__image>./resources/icons/menu/configuration/fileEditor/maximumLinesToConsole.png</__image>
                        </acide.configuration.menu.AcideMenuItemConfiguration>
                        <acide.configuration.menu.AcideMenuItemConfiguration>
                          <__command>$SEND_CONSOLE_CONFIRMATION</__command>
                          <__parameter>None</__parameter>
                          <__name>Send To Console Confirmation</__name>
                          <__visible>true</__visible>
                          <__erasable>false</__erasable>
                          <__image>./resources/icons/menu/configuration/fileEditor/sendToConsoleConfirmation.png</__image>
                        </acide.configuration.menu.AcideMenuItemConfiguration>
                      </__list>
                    </__list>
                  </__itemsManager>
                  <__name>File Editor</__name>
                  <__visible>true</__visible>
                  <__erasable>false</__erasable>
                  <__image></__image>
                </acide.configuration.menu.AcideMenuSubmenuConfiguration>
                <acide.configuration.menu.AcideMenuSubmenuConfiguration>
                  <__itemsManager>
                    <__list>
                      <__list>
                        <acide.configuration.menu.AcideMenuItemConfiguration>
                          <__command>$CONFIGURE_CONSOLE</__command>
                          <__parameter>None</__parameter>
                          <__name>Configure</__name>
                          <__visible>true</__visible>
                          <__erasable>false</__erasable>
                          <__image>./resources/icons/menu/configuration/console/configure.png</__image>
                        </acide.configuration.menu.AcideMenuItemConfiguration>
                        <acide.configuration.menu.AcideMenuItemConfiguration>
                          <__command>$EXTERNAL_COMMAND</__command>
                          <__parameter>None</__parameter>
                          <__name>External Command</__name>
                          <__visible>true</__visible>
                          <__erasable>false</__erasable>
                          <__image>./resources/icons/menu/configuration/console/externalCommand.png</__image>
                        </acide.configuration.menu.AcideMenuItemConfiguration>
                        <acide.configuration.menu.AcideMenuItemConfiguration>
                          <__command>$CONSOLE_DISPLAY_OPTIONS</__command>
                          <__parameter>None</__parameter>
                          <__name>Console Display Options</__name>
                          <__visible>true</__visible>
                          <__erasable>false</__erasable>
                          <__image>./resources/icons/menu/configuration/console/consoleDisplayOptions.png</__image>
                        </acide.configuration.menu.AcideMenuItemConfiguration>
						<acide.configuration.menu.AcideMenuItemConfiguration>
                          <__command>$CONSOLE_LINE_WRAPPING</__command>
                          <__parameter>None</__parameter>
                          <__name>Console Line Wrapping</__name>
                          <__visible>true</__visible>
                          <__erasable>false</__erasable>
                          <__image>./resources/icons/menu/configuration/console/lineWrapping.png</__image>
                        </acide.configuration.menu.AcideMenuItemConfiguration>
                        <acide.configuration.menu.AcideMenuItemConfiguration>
                          <__command>$SAVE_CONSOLE_CONTENT</__command>
                          <__parameter>None</__parameter>
                          <__name>Save Console Content Into File</__name>
                          <__visible>true</__visible>
                          <__erasable>false</__erasable>
                          <__image>./resources/icons/menu/configuration/console/saveContentIntoFile.png</__image>
                        </acide.configuration.menu.AcideMenuItemConfiguration>
                        <acide.configuration.menu.AcideMenuItemConfiguration>
                          <__command>$DOCUMENT_CONSOLE</__command>
                          <__parameter>None</__parameter>
                          <__name>Document Console Lexicon</__name>
                          <__visible>true</__visible>
                          <__erasable>false</__erasable>
                          <__image>./resources/icons/menu/configuration/console/documentLexicon.png</__image>
                        </acide.configuration.menu.AcideMenuItemConfiguration>
                        <acide.configuration.menu.AcideMenuItemConfiguration>
                          <__command>$SEARCH_CONSOLE</__command>
                          <__parameter>None</__parameter>
                          <__name>Search Console</__name>
                          <__visible>true</__visible>
                          <__erasable>false</__erasable>
                          <__image>./resources/icons/menu/edit/search.png</__image>
                        </acide.configuration.menu.AcideMenuItemConfiguration>
                        <acide.configuration.menu.AcideMenuItemConfiguration>
                          <__command>$CLOSE_CONSOLE</__command>
                          <__parameter>None</__parameter>
                          <__name>Close Console</__name>
                          <__visible>true</__visible>
                          <__erasable>false</__erasable>
                          <__image>./resources/icons/menu/configuration/console/closeConsole.png</__image>
                        </acide.configuration.menu.AcideMenuItemConfiguration>
                      </__list>
                    </__list>
                  </__itemsManager>
                  <__name>Shell</__name>
                  <__visible>true</__visible>
                  <__erasable>false</__erasable>
                  <__image></__image>
                </acide.configuration.menu.AcideMenuSubmenuConfiguration>
                <acide.configuration.menu.AcideMenuSubmenuConfiguration>
                  <__itemsManager>
                    <__list>
                      <__list>
                        <acide.configuration.menu.AcideMenuItemConfiguration>
                          <__command>$DES_PANEL</__command>
                          <__parameter>None</__parameter>
                          <__name>Des Panel</__name>
                          <__visible>true</__visible>
                          <__erasable>false</__erasable>
                          <__image></__image>
                        </acide.configuration.menu.AcideMenuItemConfiguration>
                        <acide.configuration.menu.AcideMenuItemConfiguration>
                          <__command>$ODBC_PANEL</__command>
                          <__parameter>None</__parameter>
                          <__name>Odbc Panel</__name>
                          <__visible>true</__visible>
                          <__erasable>false</__erasable>
                          <__image></__image>
                        </acide.configuration.menu.AcideMenuItemConfiguration>
		                <acide.configuration.menu.AcideMenuSubmenuConfiguration>
		                  <__itemsManager>
		                    <__list>
		                      <__list>
		                        <acide.configuration.menu.AcideMenuItemConfiguration>
		                          <__command>$SHOW_NAME</__command>
		                          <__parameter>None</__parameter>
		                          <__name>Name</__name>
		                          <__visible>true</__visible>
		                          <__erasable>false</__erasable>
		                          <__image></__image>
		                        </acide.configuration.menu.AcideMenuItemConfiguration>  
		                        <acide.configuration.menu.AcideMenuItemConfiguration>
		                          <__command>$SHOW_NAME_FIELDS</__command>
		                          <__parameter>None</__parameter>
		                          <__name>Name Fields</__name>
		                          <__visible>true</__visible>
		                          <__erasable>false</__erasable>
		                          <__image></__image>
		                        </acide.configuration.menu.AcideMenuItemConfiguration>
		                        <acide.configuration.menu.AcideMenuItemConfiguration>
		                          <__command>$SHOW_NAME_FIELDS_TYPES</__command>
		                          <__parameter>None</__parameter>
		                          <__name>Name Fields Types</__name>
		                          <__visible>true</__visible>
		                          <__erasable>false</__erasable>
		                          <__image></__image>
		                        </acide.configuration.menu.AcideMenuItemConfiguration>
		                      </__list>
		                    </__list>
		                  </__itemsManager>
		                  <__name>Show Details</__name>
		                  <__visible>true</__visible>
		                  <__erasable>false</__erasable>
		                  <__image></__image>
		                </acide.configuration.menu.AcideMenuSubmenuConfiguration>
                      </__list>
                    </__list>
                  </__itemsManager>
                  <__name>Database Panel</__name>
                  <__visible>true</__visible>
                  <__erasable>false</__erasable>
                  <__image></__image>
                </acide.configuration.menu.AcideMenuSubmenuConfiguration>
				<acide.configuration.menu.AcideMenuSubmenuConfiguration>
                  <__itemsManager>
                    <__list>
                      <__list>                        
                        <acide.configuration.menu.AcideMenuItemConfiguration>
                          <__command>$NODES_COLOR</__command>
                          <__parameter>None</__parameter>
                          <__name>Node Color</__name>
                          <__visible>true</__visible>
                          <__erasable>false</__erasable>
                          <__image>         </__image>
                        </acide.configuration.menu.AcideMenuItemConfiguration>
						<acide.configuration.menu.AcideMenuItemConfiguration>
                          <__command>$SHOW_LABELS</__command>
                          <__parameter>None</__parameter>
                          <__name>Show Labels</__name>
                          <__visible>true</__visible>
                          <__erasable>false</__erasable>
                          <__image>         </__image>
                        </acide.configuration.menu.AcideMenuItemConfiguration>
						<acide.configuration.menu.AcideMenuItemConfiguration>
                          <__command>$NODES_SIZE</__command>
                          <__parameter>None</__parameter>
                          <__name>Node Size</__name>
                          <__visible>true</__visible>
                          <__erasable>false</__erasable>
                          <__image>         </__image>
                        </acide.configuration.menu.AcideMenuItemConfiguration>
						<acide.configuration.menu.AcideMenuSubmenuConfiguration>
							<__itemsManager>
								<__list>
									<__list>
										<acide.configuration.menu.AcideMenuItemConfiguration>
											<__command>$NODES_SHAPE_CIRCLE</__command>
                          					<__parameter>None</__parameter>
                          					<__name>Circle</__name>
                          					<__visible>true</__visible>
                          					<__erasable>false</__erasable>
                          					<__image>      </__image>
										</acide.configuration.menu.AcideMenuItemConfiguration>
										<acide.configuration.menu.AcideMenuItemConfiguration>
											<__command>$NODES_SHAPE_SQUARE</__command>
                          					<__parameter>None</__parameter>
                          					<__name>Square</__name>
                          					<__visible>true</__visible>
                          					<__erasable>false</__erasable>
                          					<__image>      </__image>
										</acide.configuration.menu.AcideMenuItemConfiguration>
									 </__list>
								</__list>
							</__itemsManager>
							<__name>Node Shape</__name>
							<__visible>true</__visible>
							<__erasable>false</__erasable>
							<__image></__image>
						</acide.configuration.menu.AcideMenuSubmenuConfiguration>
						<acide.configuration.menu.AcideMenuSubmenuConfiguration>
							<__itemsManager>
								<__list>
									<__list>
										<acide.configuration.menu.AcideMenuItemConfiguration>
											<__command>$ARROW_COLOR_DIRECT</__command>
                          					<__parameter>None</__parameter>
                          					<__name>Direct</__name>
                          					<__visible>true</__visible>
                          					<__erasable>false</__erasable>
                          					<__image>      </__image>
										</acide.configuration.menu.AcideMenuItemConfiguration>
										<acide.configuration.menu.AcideMenuItemConfiguration>
											<__command>$ARROW_COLOR_INVERSE</__command>
                          					<__parameter>None</__parameter>
                          					<__name>Inverse</__name>
                          					<__visible>true</__visible>
                          					<__erasable>false</__erasable>
                          					<__image>      </__image>
										</acide.configuration.menu.AcideMenuItemConfiguration>
									 </__list>
								</__list>
							</__itemsManager>
							<__name>Arrow Color</__name>
							<__visible>true</__visible>
							<__erasable>false</__erasable>
							<__image></__image>
						</acide.configuration.menu.AcideMenuSubmenuConfiguration>
						<acide.configuration.menu.AcideMenuSubmenuConfiguration>
							<__itemsManager>
								<__list>
									<__list>
										<acide.configuration.menu.AcideMenuItemConfiguration>
											<__command>$ARROW_SHAPE_POLYGON</__command>
                          					<__parameter>None</__parameter>
                          					<__name>Polygon</__name>
                          					<__visible>true</__visible>
                          					<__erasable>false</__erasable>
                          					<__image>      </__image>
										</acide.configuration.menu.AcideMenuItemConfiguration>
										<acide.configuration.menu.AcideMenuItemConfiguration>
											<__command>$ARROW_SHAPE_LINE</__command>
                          					<__parameter>None</__parameter>
                          					<__name>Line</__name>
                          					<__visible>true</__visible>
                          					<__erasable>false</__erasable>
                          					<__image>      </__image>
										</acide.configuration.menu.AcideMenuItemConfiguration>										
									 </__list>
								</__list>
							</__itemsManager>
							<__name>Arrow Shape</__name>
							<__visible>true</__visible>
							<__erasable>false</__erasable>
							<__image></__image>
						</acide.configuration.menu.AcideMenuSubmenuConfiguration>
                      </__list>
                    </__list>
                  </__itemsManager>
                  <__name>Graph Panel</__name>
                  <__visible>true</__visible>
                  <__erasable>false</__erasable>
                  <__image></__image>
                </acide.configuration.menu.AcideMenuSubmenuConfiguration>
                <acide.configuration.menu.AcideMenuSubmenuConfiguration>
                  <__itemsManager>
                    <__list>
                      <__list>
                        <acide.configuration.menu.AcideMenuItemConfiguration>
                          <__command>$SPANISH</__command>
                          <__parameter>None</__parameter>
                          <__name>Spanish</__name>
                          <__visible>true</__visible>
                          <__erasable>false</__erasable>
                          <__image>./resources/icons/menu/configuration/language/spanish.png</__image>
                        </acide.configuration.menu.AcideMenuItemConfiguration>
                        <acide.configuration.menu.AcideMenuItemConfiguration>
                          <__command>$FRENCH</__command>
                          <__parameter>None</__parameter>
                          <__name>French</__name>
                          <__visible>true</__visible>
                          <__erasable>false</__erasable>
                          <__image>./resources/icons/menu/configuration/language/french.png</__image>
                        </acide.configuration.menu.AcideMenuItemConfiguration><acide.configuration.menu.AcideMenuItemConfiguration>
                          <__command>$ENGLISH</__command>
                          <__parameter>None</__parameter>
                          <__name>English</__name>
                          <__visible>true</__visible>
                          <__erasable>false</__erasable>
                          <__image>./resources/icons/menu/configuration/language/english.png</__image>
                        </acide.configuration.menu.AcideMenuItemConfiguration>
                      </__list>
                    </__list>
                  </__itemsManager>
                  <__name>Language</__name>
                  <__visible>true</__visible>
                  <__erasable>false</__erasable>
                  <__image></__image>
                </acide.configuration.menu.AcideMenuSubmenuConfiguration>
                <acide.configuration.menu.AcideMenuSubmenuConfiguration>
                  <__itemsManager>
                    <__list>
                      <__list>
                        <acide.configuration.menu.AcideMenuItemConfiguration>
                          <__command>$NEW_MENU</__command>
                          <__parameter>None</__parameter>
                          <__name>New Menu</__name>
                          <__visible>true</__visible>
                          <__erasable>false</__erasable>
                          <__image></__image>
                        </acide.configuration.menu.AcideMenuItemConfiguration>
                        <acide.configuration.menu.AcideMenuItemConfiguration>
                          <__command>$LOAD_MENU</__command>
                          <__parameter>None</__parameter>
                          <__name>Load Menu</__name>
                          <__visible>true</__visible>
                          <__erasable>false</__erasable>
                          <__image></__image>
                        </acide.configuration.menu.AcideMenuItemConfiguration>
                        <acide.configuration.menu.AcideMenuItemConfiguration>
                          <__command>$MODIFY_MENU</__command>
                          <__parameter>None</__parameter>
                          <__name>Modify Menu</__name>
                          <__visible>true</__visible>
                          <__erasable>false</__erasable>
                          <__image></__image>
                        </acide.configuration.menu.AcideMenuItemConfiguration>
                        <acide.configuration.menu.AcideMenuItemConfiguration>
                          <__command>$SAVE_MENU</__command>
                          <__parameter>None</__parameter>
                          <__name>Save Menu</__name>
                          <__visible>true</__visible>
                          <__erasable>false</__erasable>
                          <__image></__image>
                        </acide.configuration.menu.AcideMenuItemConfiguration>
                        <acide.configuration.menu.AcideMenuItemConfiguration>
                          <__command>$SAVE_MENU_AS</__command>
                          <__parameter>None</__parameter>
                          <__name>Save Menu As</__name>
                          <__visible>true</__visible>
                          <__erasable>false</__erasable>
                          <__image></__image>
                        </acide.configuration.menu.AcideMenuItemConfiguration>
                      </__list>
                    </__list>
                  </__itemsManager>
                  <__name>Menu</__name>
                  <__visible>true</__visible>
                  <__erasable>false</__erasable>
                  <__image></__image>
                </acide.configuration.menu.AcideMenuSubmenuConfiguration>
                <acide.configuration.menu.AcideMenuSubmenuConfiguration>
                  <__itemsManager>
                    <__list>
                      <__list>
                        <acide.configuration.menu.AcideMenuItemConfiguration>
                          <__command>$NEW_TOOLBAR</__command>
                          <__parameter>None</__parameter>
                          <__name>New Toolbar</__name>
                          <__visible>true</__visible>
                          <__erasable>false</__erasable>
                          <__image></__image>
                        </acide.configuration.menu.AcideMenuItemConfiguration>
                        <acide.configuration.menu.AcideMenuItemConfiguration>
                          <__command>$LOAD_TOOLBAR</__command>
                          <__parameter>None</__parameter>
                          <__name>Load Toolbar</__name>
                          <__visible>true</__visible>
                          <__erasable>false</__erasable>
                          <__image></__image>
                        </acide.configuration.menu.AcideMenuItemConfiguration>
                        <acide.configuration.menu.AcideMenuItemConfiguration>
                          <__command>$MODIFY_TOOLBAR</__command>
                          <__parameter>None</__parameter>
                          <__name>Modify Toolbar</__name>
                          <__visible>true</__visible>
                          <__erasable>false</__erasable>
                          <__image></__image>
                        </acide.configuration.menu.AcideMenuItemConfiguration>
                        <acide.configuration.menu.AcideMenuItemConfiguration>
                          <__command>$SAVE_TOOLBAR</__command>
                          <__parameter>None</__parameter>
                          <__name>Save Toolbar</__name>
                          <__visible>true</__visible>
                          <__erasable>false</__erasable>
                          <__image></__image>
                        </acide.configuration.menu.AcideMenuItemConfiguration>
                        <acide.configuration.menu.AcideMenuItemConfiguration>
                          <__command>$SAVE_TOOLBAR_AS</__command>
                          <__parameter>None</__parameter>
                          <__name>Save Toolbar As</__name>
                          <__visible>true</__visible>
                          <__erasable>false</__erasable>
                          <__image></__image>
                        </acide.configuration.menu.AcideMenuItemConfiguration>
                      </__list>
                    </__list>
                  </__itemsManager>
                  <__name>Tool Bar</__name>
                  <__visible>true</__visible>
                  <__erasable>false</__erasable>
                  <__image></__image>
                </acide.configuration.menu.AcideMenuSubmenuConfiguration>
              </__list>
            </__list>
          </__itemsManager>
          <__name>Configuration</__name>
          <__visible>true</__visible>
          <__erasable>false</__erasable>
          <__image></__image>
        </acide.configuration.menu.AcideMenuSubmenuConfiguration>
        <acide.configuration.menu.AcideMenuSubmenuConfiguration>
          <__itemsManager>
            <__list>
              <__list>
                <acide.configuration.menu.AcideMenuItemConfiguration>
                  <__command>$SHOW_HELP</__command>
                  <__parameter>None</__parameter>
                  <__name>Show Help</__name>
                  <__visible>true</__visible>
                  <__erasable>false</__erasable>
                  <__image>./resources/icons/menu/help/help.png</__image>
                </acide.configuration.menu.AcideMenuItemConfiguration>
                <acide.configuration.menu.AcideMenuItemConfiguration>
                  <__command>$SHOW_ABOUT_US</__command>
                  <__parameter>None</__parameter>
                  <__name>Show About Us</__name>
                  <__visible>true</__visible>
                  <__erasable>false</__erasable>
                  <__image>./resources/icons/menu/help/aboutUs.png</__image>
                </acide.configuration.menu.AcideMenuItemConfiguration>
              </__list>
            </__list>
          </__itemsManager>
          <__name>Help</__name>
          <__visible>true</__visible>
          <__erasable>false</__erasable>
          <__image></__image>
        </acide.configuration.menu.AcideMenuSubmenuConfiguration>
      </__list>
    </__list>
  </__itemsManager>
</acide.configuration.menu.AcideMenuItemsConfiguration>