<acide.configuration.workbench.AcideWorkbenchConfiguration>
  <__workbenchLoaded>true</__workbenchLoaded>
  <__fileEditorConfiguration>
    <__fileEditorPanelConfigurationList>
      <__list>
        <__list>
          <acide.configuration.workbench.fileEditor.AcideFileEditorPanelConfiguration>
            <__path>.\examples\family.dl</__path>
            <__type>Normal</__type>
            <__caretPosition>0</__caretPosition>
            <__splitPaneDividerLocation>1</__splitPaneDividerLocation>
            <__activeTextEditionArea>1</__activeTextEditionArea>
            <__lexiconConfiguration>./configuration/lexicon/des.xml</__lexiconConfiguration>
            <__previousGrammarConfiguration>./configuration/grammars/bytes.jar</__previousGrammarConfiguration>
            <__currentGrammarConfiguration>./configuration/grammars/bytes.jar</__currentGrammarConfiguration>
          </acide.configuration.workbench.fileEditor.AcideFileEditorPanelConfiguration>
          <acide.configuration.workbench.fileEditor.AcideFileEditorPanelConfiguration>
            <__path>.\examples\aggregates.sql</__path>
            <__type>Normal</__type>
            <__caretPosition>41</__caretPosition>
            <__splitPaneDividerLocation>1</__splitPaneDividerLocation>
            <__activeTextEditionArea>1</__activeTextEditionArea>
            <__lexiconConfiguration>./configuration/lexicon/sql.xml</__lexiconConfiguration>
            <__previousGrammarConfiguration>./configuration/grammars/bytes.jar</__previousGrammarConfiguration>
            <__currentGrammarConfiguration>./configuration/grammars/bytes.jar</__currentGrammarConfiguration>
          </acide.configuration.workbench.fileEditor.AcideFileEditorPanelConfiguration>
        </__list>
      </__list>
    </__fileEditorPanelConfigurationList>
    <__selectedFileEditorPanelName>aggregates.sql</__selectedFileEditorPanelName>
    <__fontName>Monospaced.plain</__fontName>
    <__fontStyle>0</__fontStyle>
    <__fontSize>12</__fontSize>
    <__foregroundColor>
      <red>0</red>
      <green>0</green>
      <blue>0</blue>
      <alpha>255</alpha>
    </__foregroundColor>
    <__backgroundColor>
      <red>255</red>
      <green>255</green>
      <blue>255</blue>
      <alpha>255</alpha>
    </__backgroundColor>
    <__editionMode>false</__editionMode>
    <__automaticIndent>true</__automaticIndent>
    <__maximumLinesToConsole>30</__maximumLinesToConsole>
    <__lineWrapping>true</__lineWrapping>
    <__sendToConsoleConfirmation>false</__sendToConsoleConfirmation>
    <__tabSize>8</__tabSize>
    <__spaceSelected>false</__spaceSelected>
  </__fileEditorConfiguration>
  <__consolePanelConfiguration>
    <__lexiconConfiguration>./configuration/lexicon/default.xml</__lexiconConfiguration>
    <__commandsConfiguration>./configuration/console/default.xml</__commandsConfiguration>
    <__lineWrapping>true</__lineWrapping>
  </__consolePanelConfiguration>
  <__lexiconAssignerConfiguration>
    <__list>
      <__list>
        <__list>
          <acide.configuration.workbench.lexiconAssigner.AcideLexiconAssigner>
            <__description>Java</__description>
            <__extensionList>
              <string>java</string>
              <string>jav</string>
            </__extensionList>
            <__lexiconConfiguration>./configuration/lexicon/java.xml</__lexiconConfiguration>
          </acide.configuration.workbench.lexiconAssigner.AcideLexiconAssigner>
          <acide.configuration.workbench.lexiconAssigner.AcideLexiconAssigner>
            <__description>C</__description>
            <__extensionList>
              <string>cpp</string>
              <string>c</string>
              <string>h</string>
            </__extensionList>
            <__lexiconConfiguration>./configuration/lexicon/c++.xml</__lexiconConfiguration>
          </acide.configuration.workbench.lexiconAssigner.AcideLexiconAssigner>
          <acide.configuration.workbench.lexiconAssigner.AcideLexiconAssigner>
            <__description>DataLog</__description>
            <__extensionList>
              <string>dl</string>
            </__extensionList>
            <__lexiconConfiguration>./configuration/lexicon/des.xml</__lexiconConfiguration>
          </acide.configuration.workbench.lexiconAssigner.AcideLexiconAssigner>
          <acide.configuration.workbench.lexiconAssigner.AcideLexiconAssigner>
            <__description>SQL</__description>
            <__extensionList>
              <string>sql</string>
            </__extensionList>
            <__lexiconConfiguration>./configuration/lexicon/sql.xml</__lexiconConfiguration>
          </acide.configuration.workbench.lexiconAssigner.AcideLexiconAssigner>
          <acide.configuration.workbench.lexiconAssigner.AcideLexiconAssigner>
            <__description>RA</__description>
            <__extensionList>
              <string>ra</string>
            </__extensionList>
            <__lexiconConfiguration>./configuration/lexicon/ra.xml</__lexiconConfiguration>
          </acide.configuration.workbench.lexiconAssigner.AcideLexiconAssigner>
          <acide.configuration.workbench.lexiconAssigner.AcideLexiconAssigner>
            <__description>RC</__description>
            <__extensionList>
              <string>drc</string>
              <string>trc</string>
            </__extensionList>
            <__lexiconConfiguration>./configuration/lexicon/rc.xml</__lexiconConfiguration>
          </acide.configuration.workbench.lexiconAssigner.AcideLexiconAssigner>
          <acide.configuration.workbench.lexiconAssigner.AcideLexiconAssigner>
            <__description>Text</__description>
            <__extensionList>
              <string>txt</string>
            </__extensionList>
            <__lexiconConfiguration>./configuration/lexicon/default.xml</__lexiconConfiguration>
          </acide.configuration.workbench.lexiconAssigner.AcideLexiconAssigner>
          <acide.configuration.workbench.lexiconAssigner.AcideLexiconAssigner>
            <__description>Batch</__description>
            <__extensionList>
              <string>bat</string>
            </__extensionList>
            <__lexiconConfiguration>./configuration/lexicon/batch.xml</__lexiconConfiguration>
          </acide.configuration.workbench.lexiconAssigner.AcideLexiconAssigner>
          <acide.configuration.workbench.lexiconAssigner.AcideLexiconAssigner>
            <__description>LaTeX</__description>
            <__extensionList>
              <string>tex</string>
            </__extensionList>
            <__lexiconConfiguration>./configuration/lexicon/latex.xml</__lexiconConfiguration>
          </acide.configuration.workbench.lexiconAssigner.AcideLexiconAssigner>
          <acide.configuration.workbench.lexiconAssigner.AcideLexiconAssigner>
            <__description>BibTeX</__description>
            <__extensionList>
              <string>bib</string>
            </__extensionList>
            <__lexiconConfiguration>./configuration/lexicon/bibtex.xml</__lexiconConfiguration>
          </acide.configuration.workbench.lexiconAssigner.AcideLexiconAssigner>
          <acide.configuration.workbench.lexiconAssigner.AcideLexiconAssigner>
            <__description>NASM Assembler</__description>
            <__extensionList>
              <string>asm</string>
              <string>inc</string>
            </__extensionList>
            <__lexiconConfiguration>./configuration/lexicon/nasm.xml</__lexiconConfiguration>
          </acide.configuration.workbench.lexiconAssigner.AcideLexiconAssigner>
          <acide.configuration.workbench.lexiconAssigner.AcideLexiconAssigner>
            <__description>Z3</__description>
            <__extensionList>
              <string>smt2</string>
            </__extensionList>
            <__lexiconConfiguration>./configuration/lexicon/z3.xml</__lexiconConfiguration>
          </acide.configuration.workbench.lexiconAssigner.AcideLexiconAssigner>
        </__list>
      </__list>
    </__list>
    <__consoleLexiconConfiguration>./configuration/lexicon/default.xml</__consoleLexiconConfiguration>
    <__applyLexiconToConsole>false</__applyLexiconToConsole>
  </__lexiconAssignerConfiguration>
  <__recentFilesConfiguration>
    <__list>
      <string>./examples/fib.dl</string>
      <string>./examples/family.dl</string>
      <string>./examples/aggregates.sql</string>
      <string>./examples/f.dl</string>
      <string>./examples/aggregates.dl</string>
      <string>./examples/aggregates.ra</string>
      <string>./examples/aggregates.sql</string>
      <string>./examples/bom.dl</string>
      <string>./examples/aggregates.sql</string>
      <string>./examples/empTraining.sql</string>
      <string>./examples/prueba/prueba.acideProject</string>
      <string>./examples/family.dl</string>
      <string>./examples/aggregates.dl</string>
      <string>./examples/family.sql</string>
      <string>./examples/family.sql</string>
    </__list>
  </__recentFilesConfiguration>
  <__recentProjectsConfiguration>
    <__list>
      <string>./configuration/project/default.acideProject</string>
      <string>./DES3.12.acideProject</string>
    </__list>
  </__recentProjectsConfiguration>
</acide.configuration.workbench.AcideWorkbenchConfiguration>