<acide.configuration.lexicon.AcideLexiconConfiguration>
  <__name>batch</__name>
  <__path>./configuration/lexicon/batch.xml</__path>
  <__isCompiledOrInterpreted>false</__isCompiledOrInterpreted>
  <__tokenTypeManager>
    <__list>
      <__list>
        <acide.configuration.lexicon.tokens.AcideLexiconTokenGroup>
          <__name>Color: [R: 0, G: 0, B: 255], Font Style: Plain, Case Sensitive: No</__name>
          <__color>
            <red>0</red>
            <green>0</green>
            <blue>255</blue>
            <alpha>255</alpha>
          </__color>
          <__fontStyle>0</__fontStyle>
          <__isCaseSensitive>false</__isCaseSensitive>
          <__tokenList>
            <__list>
              <string>assoc</string>
              <string>at</string>
              <string>attrib</string>
              <string>break</string>
              <string>calcs</string>
              <string>call</string>
              <string>cd</string>
              <string>chcp</string>
              <string>chdir</string>
              <string>chkdsk</string>
              <string>chkntfs</string>
              <string>cls</string>
              <string>cmd</string>
              <string>color</string>
              <string>comp</string>
              <string>compact</string>
              <string>convert</string>
              <string>copy</string>
              <string>date</string>
              <string>del</string>
              <string>dir</string>
              <string>diskcomp</string>
              <string>diskcopy</string>
              <string>doskey</string>
              <string>echo</string>
              <string>endlocal</string>
              <string>erase</string>
              <string>exit</string>
              <string>fc</string>
              <string>find</string>
              <string>findstr</string>
              <string>for</string>
              <string>format</string>
              <string>ftype</string>
              <string>goto</string>
              <string>graftabl</string>
              <string>help</string>
              <string>if</string>
              <string>label</string>
              <string>md</string>
              <string>mkdir</string>
              <string>mode</string>
              <string>more</string>
              <string>move</string>
              <string>path</string>
              <string>pause</string>
              <string>popd</string>
              <string>print</string>
              <string>prompt</string>
              <string>pushd</string>
              <string>rd</string>
              <string>recover</string>
              <string>ren</string>
              <string>rename</string>
              <string>replace</string>
              <string>rmdir</string>
              <string>set</string>
              <string>setlocal</string>
              <string>shift</string>
              <string>sort</string>
              <string>start</string>
              <string>subst</string>
              <string>time</string>
              <string>title</string>
              <string>tree</string>
              <string>type</string>
              <string>ver</string>
              <string>verify</string>
              <string>vol</string>
              <string>xcopy</string>
            </__list>
          </__tokenList>
        </acide.configuration.lexicon.tokens.AcideLexiconTokenGroup>
        <acide.configuration.lexicon.tokens.AcideLexiconTokenGroup>
          <__name>Color: [R: 204, G: 153, B: 0], Font Style: Bold, Case Sensitive: No</__name>
          <__color>
            <red>204</red>
            <green>153</green>
            <blue>0</blue>
            <alpha>255</alpha>
          </__color>
          <__fontStyle>0</__fontStyle>
          <__isCaseSensitive>false</__isCaseSensitive>
          <__tokenList>
            <__list>
              <string>=</string>
              <string>&gt;</string>
              <string>&lt;</string>
              <string>(</string>
              <string>)</string>
              <string>,</string>
              <string>%</string>
            </__list>
          </__tokenList>
        </acide.configuration.lexicon.tokens.AcideLexiconTokenGroup>
        <acide.configuration.lexicon.tokens.AcideLexiconTokenGroup>
          <__name>Color: [R: 255, G: 102, B: 0], Font Style: Plain, Case Sensitive: No</__name>
          <__color>
            <red>255</red>
            <green>102</green>
            <blue>0</blue>
            <alpha>255</alpha>
          </__color>
          <__fontStyle>0</__fontStyle>
          <__isCaseSensitive>false</__isCaseSensitive>
          <__tokenList>
            <__list>
              <string>errorlevel</string>
            </__list>
          </__tokenList>
        </acide.configuration.lexicon.tokens.AcideLexiconTokenGroup>
      </__list>
    </__list>
  </__tokenTypeManager>
  <__validExtensionsManager>
    <__list>
      <__list>
        <string>bat</string>
      </__list>
    </__list>
  </__validExtensionsManager>
  <__delimitersManager>
    <__list>
      <__list>
        <string>=</string>
        <string>\=</string>
        <string>&gt;</string>
        <string>&gt;=</string>
        <string>&lt;</string>
        <string>=&lt;</string>
        <string>.</string>
        <string>(</string>
        <string>)</string>
        <string>,</string>
        <string>%</string>
      </__list>
    </__list>
  </__delimitersManager>
  <__remarksManager>
    <__symbol>rem</__symbol>
    <__isCaseSensitive>false</__isCaseSensitive>
    <__color>
      <red>0</red>
      <green>124</green>
      <blue>0</blue>
      <alpha>255</alpha>
    </__color>
    <__fontStyle>0</__fontStyle>
  </__remarksManager>
</acide.configuration.lexicon.AcideLexiconConfiguration>