<acide.configuration.lexicon.AcideLexiconConfiguration>
  <__name>bibtex</__name>
  <__path>.\configuration\lexicon\bibtex.xml</__path>
  <__isCompiledOrInterpreted>false</__isCompiledOrInterpreted>
  <__tokenTypeManager>
    <__list>
      <__list>
        <acide.configuration.lexicon.tokens.AcideLexiconTokenGroup>
          <__name>Color: [R: 255, G: 204, B: 0], Font Style: Bold, Case Sensitive: No</__name>
          <__color>
            <red>255</red>
            <green>204</green>
            <blue>0</blue>
            <alpha>255</alpha>
          </__color>
          <__fontStyle>2</__fontStyle>
          <__isCaseSensitive>false</__isCaseSensitive>
          <__tokenList>
            <__list>
              <string>{</string>
              <string>}</string>
              <string>[</string>
              <string>]</string>
              <string>(</string>
              <string>)</string>
            </__list>
          </__tokenList>
        </acide.configuration.lexicon.tokens.AcideLexiconTokenGroup>
        <acide.configuration.lexicon.tokens.AcideLexiconTokenGroup>
          <__name>Color: [R: 0, G: 0, B: 255], Font Style: Plain, Case Sensitive: No</__name>
          <__color>
            <red>0</red>
            <green>0</green>
            <blue>255</blue>
            <alpha>255</alpha>
          </__color>
          <__fontStyle>0</__fontStyle>
          <__isCaseSensitive>false</__isCaseSensitive>
          <__tokenList>
            <__list>
              <string>@book</string>
              <string>@techreport</string>
              <string>@article</string>
              <string>@inproceedings</string>
              <string>@conference</string>
              <string>@inbook</string>
            </__list>
          </__tokenList>
        </acide.configuration.lexicon.tokens.AcideLexiconTokenGroup>
        <acide.configuration.lexicon.tokens.AcideLexiconTokenGroup>
          <__name>Color: [R: 204, G: 0, B: 255], Font Style: Plain, Case Sensitive: No</__name>
          <__color>
            <red>204</red>
            <green>0</green>
            <blue>255</blue>
            <alpha>255</alpha>
          </__color>
          <__fontStyle>0</__fontStyle>
          <__isCaseSensitive>true</__isCaseSensitive>
          <__tokenList>
            <__list>
              <string>publisher</string>
              <string>title</string>
              <string>author</string>
              <string>isbn</string>
              <string>url</string>
              <string>year</string>
              <string>institution</string>
              <string>type</string>
              <string>keywords</string>
              <string>pages</string>
              <string>address</string>
              <string>organization</string>
              <string>journal</string>
              <string>volume</string>
              <string>number</string>
              <string>issn</string>
              <string>chapter</string>
            </__list>
          </__tokenList>
        </acide.configuration.lexicon.tokens.AcideLexiconTokenGroup>
        <acide.configuration.lexicon.tokens.AcideLexiconTokenGroup>
          <__name>Color: [R: 204, G: 0, B: 255], Font Style: Plain, Case Sensitive: Yes</__name>
          <__color reference="../../acide.configuration.lexicon.tokens.AcideLexiconTokenGroup[3]/_color"/>
          <__fontStyle>0</__fontStyle>
          <__isCaseSensitive>true</__isCaseSensitive>
          <__tokenList>
            <__list>
              <string>booktitle</string>
            </__list>
          </__tokenList>
        </acide.configuration.lexicon.tokens.AcideLexiconTokenGroup>
      </__list>
    </__list>
  </__tokenTypeManager>
  <__validExtensionsManager>
    <__list>
      <__list>
        <string>dl</string>
      </__list>
    </__list>
  </__validExtensionsManager>
  <__delimitersManager>
    <__list>
      <__list>
        <string>{</string>
        <string>}</string>
        <string>[</string>
        <string>]</string>
        <string>(</string>
        <string>)</string>
        <string>=</string>
      </__list>
    </__list>
  </__delimitersManager>
  <__remarksManager>
    <__symbol>%</__symbol>
    <__isCaseSensitive>false</__isCaseSensitive>
    <__color>
      <red>0</red>
      <green>124</green>
      <blue>0</blue>
      <alpha>255</alpha>
    </__color>
    <__fontStyle>0</__fontStyle>
  </__remarksManager>
</acide.configuration.lexicon.AcideLexiconConfiguration>