<acide.configuration.lexicon.AcideLexiconConfiguration>
  <__name>c++</__name>
  <__path>.\configuration\lexicon\c++.xml</__path>
  <__isCompiledOrInterpreted>false</__isCompiledOrInterpreted>
  <__tokenTypeManager>
    <__list>
      <__list>
        <acide.configuration.lexicon.tokens.AcideLexiconTokenGroup>
          <__name>Color: [R: 0, G: 0, B: 255], Font Style: Bold, Case Sensitive: Yes</__name>
          <__color>
            <red>0</red>
            <green>0</green>
            <blue>255</blue>
            <alpha>255</alpha>
          </__color>
          <__fontStyle>2</__fontStyle>
          <__isCaseSensitive>true</__isCaseSensitive>
          <__tokenList>
            <__list>
              <string>asm</string>
              <string>auto</string>
              <string>bool</string>
              <string>break</string>
              <string>case</string>
              <string>catch</string>
              <string>char</string>
              <string>class</string>
              <string>const</string>
              <string>continue</string>
              <string>default</string>
              <string>delete</string>
              <string>do</string>
              <string>double</string>
              <string>else</string>
              <string>enum</string>
              <string>extern</string>
              <string>float</string>
              <string>for</string>
              <string>friend</string>
              <string>goto</string>
              <string>if</string>
              <string>inline</string>
              <string>int</string>
              <string>long</string>
              <string>new</string>
              <string>operator</string>
              <string>private</string>
              <string>protected</string>
              <string>public</string>
              <string>register</string>
              <string>return</string>
              <string>short</string>
              <string>signed</string>
              <string>sizeof</string>
              <string>static</string>
              <string>struct</string>
              <string>switch</string>
              <string>template</string>
              <string>this</string>
              <string>throw</string>
              <string>try</string>
              <string>typedef</string>
              <string>union</string>
              <string>unsigned</string>
              <string>virtual</string>
              <string>void</string>
              <string>volatile</string>
              <string>while</string>
            </__list>
          </__tokenList>
        </acide.configuration.lexicon.tokens.AcideLexiconTokenGroup>
        <acide.configuration.lexicon.tokens.AcideLexiconTokenGroup>
          <__name>Color: [R: 255, G: 0, B: 0], Font Style: Bold, Case Sensitive: Yes</__name>
          <__color>
            <red>255</red>
            <green>0</green>
            <blue>0</blue>
            <alpha>255</alpha>
          </__color>
          <__fontStyle>2</__fontStyle>
          <__isCaseSensitive>true</__isCaseSensitive>
          <__tokenList>
            <__list>
              <string>#include</string>
              <string>#pragma</string>
            </__list>
          </__tokenList>
        </acide.configuration.lexicon.tokens.AcideLexiconTokenGroup>
        <acide.configuration.lexicon.tokens.AcideLexiconTokenGroup>
          <__name>Color: [R: 0, G: 0, B: 0], Font Style: Plain, Case Sensitive: No</__name>
          <__color>
            <red>0</red>
            <green>0</green>
            <blue>0</blue>
            <alpha>255</alpha>
          </__color>
          <__fontStyle>0</__fontStyle>
          <__isCaseSensitive>false</__isCaseSensitive>
          <__tokenList>
            <__list>
              <string>+</string>
              <string>-</string>
              <string>/</string>
              <string>*</string>
              <string>%</string>
              <string>--</string>
              <string>++</string>
              <string>=</string>
              <string>&lt;&lt;=</string>
              <string>&gt;&gt;=</string>
              <string>&amp;=</string>
              <string>^=</string>
              <string>|=</string>
              <string>==</string>
              <string>!=</string>
              <string>&lt;</string>
              <string>&gt;</string>
              <string>&lt;=</string>
              <string>&gt;=</string>
              <string>&amp;&amp;</string>
              <string>||</string>
              <string>!</string>
              <string>&amp;</string>
              <string>|</string>
              <string>^</string>
              <string>&lt;&lt;</string>
              <string>&gt;&gt;</string>
              <string>~</string>
              <string>?</string>
              <string>:</string>
              <string>,</string>
              <string>::</string>
              <string>(</string>
              <string>)</string>
              <string>[</string>
              <string>]</string>
            </__list>
          </__tokenList>
        </acide.configuration.lexicon.tokens.AcideLexiconTokenGroup>
        <acide.configuration.lexicon.tokens.AcideLexiconTokenGroup>
          <__name>Color: [R: 0, G: 0, B: 0], Font Style: Bold, Case Sensitive: No</__name>
          <__color reference="../../acide.configuration.lexicon.tokens.AcideLexiconTokenGroup[3]/_color"/>
          <__fontStyle>2</__fontStyle>
          <__isCaseSensitive>false</__isCaseSensitive>
          <__tokenList>
            <__list>
              <string>{</string>
              <string>}</string>
            </__list>
          </__tokenList>
        </acide.configuration.lexicon.tokens.AcideLexiconTokenGroup>
      </__list>
    </__list>
  </__tokenTypeManager>
  <__validExtensionsManager>
    <__list>
      <__list>
        <string>cpp</string>
        <string>h</string>
      </__list>
    </__list>
  </__validExtensionsManager>
  <__delimitersManager>
    <__list>
      <__list>
        <string>+</string>
        <string>-</string>
        <string>/</string>
        <string>*</string>
        <string>%</string>
        <string>--</string>
        <string>++</string>
        <string>=</string>
        <string>&lt;&lt;=</string>
        <string>&gt;&gt;=</string>
        <string>&amp;=</string>
        <string>^=</string>
        <string>|=</string>
        <string>==</string>
        <string>!=</string>
        <string>&lt;</string>
        <string>&gt;</string>
        <string>&lt;=</string>
        <string>&gt;=</string>
        <string>&amp;&amp;</string>
        <string>||</string>
        <string>!</string>
        <string>&amp;</string>
        <string>|</string>
        <string>^</string>
        <string>&lt;&lt;</string>
        <string>&gt;&gt;</string>
        <string>~</string>
        <string>?</string>
        <string>:</string>
        <string>,</string>
        <string>::</string>
        <string>(</string>
        <string>)</string>
        <string>[</string>
        <string>]</string>
        <string>{</string>
        <string>}</string>
      </__list>
    </__list>
  </__delimitersManager>
  <__remarksManager>
    <__symbol>//  </__symbol>
    <__isCaseSensitive>false</__isCaseSensitive>
    <__color>
      <red>0</red>
      <green>124</green>
      <blue>0</blue>
      <alpha>255</alpha>
    </__color>
    <__fontStyle>0</__fontStyle>
  </__remarksManager>
</acide.configuration.lexicon.AcideLexiconConfiguration>