<acide.configuration.lexicon.AcideLexiconConfiguration>
  <_name>gnuProlog</_name>
  <_path>.\configuration\lexicon\gnuProlog.xml</_path>
  <_isCompiledOrInterpreted>false</_isCompiledOrInterpreted>
  <_tokenTypeManager>
    <_list>
      <_list>
        <acide.configuration.lexicon.tokens.AcideLexiconTokenGroup>
          <_name>Color: [R: 0, G: 0, B: 0], Font Style: Bold, Case Sensitive: Yes</_name>
          <_color>
            <red>0</red>
            <green>0</green>
            <blue>0</blue>
            <alpha>255</alpha>
          </_color>
          <_fontStyle>2</_fontStyle>
          <_isCaseSensitive>true</_isCaseSensitive>
          <_tokenList>
            <_list>
              <string>false</string>
              <string>true</string>
            </_list>
          </_tokenList>
        </acide.configuration.lexicon.tokens.AcideLexiconTokenGroup>
        <acide.configuration.lexicon.tokens.AcideLexiconTokenGroup>
          <_name>Color: [R: 255, G: 0, B: 0], Font Style: Bold, Case Sensitive: Yes</_name>
          <_color>
            <red>255</red>
            <green>0</green>
            <blue>0</blue>
            <alpha>255</alpha>
          </_color>
          <_fontStyle>2</_fontStyle>
          <_isCaseSensitive>true</_isCaseSensitive>
          <_tokenList>
            <_list>
              <string>abolish</string>
              <string>abort</string>
              <string>absolute_file_name</string>
              <string>add_linedit_completion</string>
              <string>add_stream_alias</string>
              <string>add_stream_mirror</string>
              <string>append</string>
              <string>architecture</string>
              <string>arg</string>
              <string>argument_counter</string>
              <string>argument_list</string>
              <string>argument_value</string>
              <string>asserta</string>
              <string>assertz</string>
              <string>at_end_of_stream</string>
              <string>atom</string>
              <string>atom_chars</string>
              <string>atom_codes</string>
              <string>atom_concat</string>
              <string>atom_hash</string>
              <string>atom_length</string>
              <string>atom_property</string>
              <string>atomic</string>
              <string>bagof</string>
              <string>bind_variables</string>
              <string>break</string>
              <string>call</string>
              <string>call_det</string>
              <string>call_with_args</string>
              <string>callable</string>
              <string>change_directory</string>
              <string>char_code</string>
              <string>char_conversion</string>
              <string>character_count</string>
              <string>clause</string>
              <string>close</string>
              <string>close_input_atom_stream</string>
              <string>close_input_chars_stream</string>
              <string>close_input_codes_stream</string>
              <string>close_output_atom_stream</string>
              <string>close_output_chars_stream</string>
              <string>close_output_codes_stream</string>
              <string>compare</string>
              <string>compound</string>
              <string>consult</string>
              <string>copy_term</string>
              <string>cpu_time</string>
              <string>create_pipe</string>
              <string>current_alias</string>
              <string>current_atom</string>
              <string>current_bip_name</string>
              <string>current_char_conversion</string>
              <string>current_input</string>
              <string>current_mirror</string>
              <string>current_op</string>
              <string>current_output</string>
              <string>current_predicate</string>
              <string>current_prolog_flag</string>
              <string>current_stream</string>
              <string>date_time</string>
              <string>debug</string>
              <string>debugging</string>
              <string>decompose_file_name</string>
              <string>delete</string>
              <string>delete_directory</string>
              <string>delete_file</string>
              <string>directory_files</string>
              <string>display</string>
              <string>display_to_atom</string>
              <string>display_to_chars</string>
              <string>display_to_codes</string>
              <string>environ</string>
              <string>exec</string>
              <string>expand_term</string>
              <string>file_exists</string>
              <string>file_permission</string>
              <string>file_property</string>
              <string>find_linedit_completion</string>
              <string>findall</string>
              <string>float</string>
              <string>flush_output</string>
              <string>for</string>
              <string>fork_prolog</string>
              <string>format</string>
              <string>format_to_atom</string>
              <string>format_to_chars</string>
              <string>format_to_codes</string>
              <string>functor</string>
              <string>g_array_size</string>
              <string>g_assign</string>
              <string>g_assignb</string>
              <string>g_dec</string>
              <string>g_deco</string>
              <string>g_inc</string>
              <string>g_inco</string>
              <string>g_link</string>
              <string>g_read</string>
              <string>g_reset_bit</string>
              <string>g_set_bit</string>
              <string>g_test_reset_bit</string>
              <string>g_test_set_bit</string>
              <string>get</string>
              <string>get0</string>
              <string>get_byte</string>
              <string>get_char</string>
              <string>get_code</string>
              <string>get_key</string>
              <string>get_key_no_echo</string>
              <string>get_linedit_prompt</string>
              <string>get_print_stream</string>
              <string>get_seed</string>
              <string>halt</string>
              <string>host_name</string>
              <string>hostname_address</string>
              <string>integer</string>
              <string>is</string>
              <string>keysort</string>
              <string>last</string>
              <string>last_read_start_line_column</string>
              <string>leash</string>
              <string>length</string>
              <string>line_count</string>
              <string>line_position</string>
              <string>list</string>
              <string>list_or_partial_list</string>
              <string>listing</string>
              <string>load</string>
              <string>lower_upper</string>
              <string>make_directory</string>
              <string>max_list</string>
              <string>member</string>
              <string>memberchk</string>
              <string>min_list</string>
              <string>name</string>
              <string>name_query_vars</string>
              <string>name_singleton_vars</string>
              <string>new_atom</string>
              <string>nl</string>
              <string>nodebug</string>
              <string>nonvar</string>
              <string>nospy</string>
              <string>nospyall</string>
              <string>notrace</string>
              <string>nth</string>
              <string>number</string>
              <string>number_atom</string>
              <string>number_chars</string>
              <string>number_codes</string>
              <string>numbervars</string>
              <string>once</string>
              <string>op</string>
              <string>open</string>
              <string>open_input_atom_stream</string>
              <string>open_input_chars_stream</string>
              <string>open_input_codes_stream</string>
              <string>open_output_atom_stream</string>
              <string>open_output_chars_stream</string>
              <string>open_output_codes_stream</string>
              <string>os_version</string>
              <string>partial_list</string>
              <string>peek_byte</string>
              <string>peek_char</string>
              <string>peek_code</string>
              <string>permutation</string>
              <string>phrase</string>
              <string>popen</string>
              <string>portray_clause</string>
              <string>predicate_property</string>
              <string>prefix</string>
              <string>print</string>
              <string>print_to_atom</string>
              <string>print_to_chars</string>
              <string>print_to_codes</string>
              <string>prolog_file_name</string>
              <string>prolog_pid</string>
              <string>put</string>
              <string>put_byte</string>
              <string>put_char</string>
              <string>put_code</string>
              <string>random</string>
              <string>randomize</string>
              <string>read</string>
              <string>read_atom</string>
              <string>read_from_atom</string>
              <string>read_from_chars</string>
              <string>read_from_codes</string>
              <string>read_integer</string>
              <string>read_number</string>
              <string>read_pl_state_file</string>
              <string>read_term</string>
              <string>read_term_from_atom</string>
              <string>read_term_from_chars</string>
              <string>read_term_from_codes</string>
              <string>read_token</string>
              <string>read_token_from_atom</string>
              <string>read_token_from_chars</string>
              <string>read_token_from_codes</string>
              <string>real_time</string>
              <string>remove_stream_mirror</string>
              <string>rename_file</string>
              <string>repeat</string>
              <string>retract</string>
              <string>retractall</string>
              <string>reverse</string>
              <string>see</string>
              <string>seeing</string>
              <string>seek</string>
              <string>seen</string>
              <string>select</string>
              <string>send_signal</string>
              <string>set_bip_name</string>
              <string>set_input</string>
              <string>set_linedit_prompt</string>
              <string>set_output</string>
              <string>set_prolog_flag</string>
              <string>set_seed</string>
              <string>set_stream_buffering</string>
              <string>set_stream_eof_action</string>
              <string>set_stream_line_column</string>
              <string>set_stream_position</string>
              <string>set_stream_type</string>
              <string>setarg</string>
              <string>setof</string>
              <string>shell</string>
              <string>skip</string>
              <string>sleep</string>
              <string>socket</string>
              <string>socket_accept</string>
              <string>socket_bind</string>
              <string>socket_close</string>
              <string>socket_connect</string>
              <string>socket_listen</string>
              <string>sort</string>
              <string>sort0</string>
              <string>spawn</string>
              <string>spy</string>
              <string>spypoint_condition</string>
              <string>sr_change_options</string>
              <string>sr_close</string>
              <string>sr_current_descriptor</string>
              <string>sr_error_from_exception</string>
              <string>sr_get_error_counters</string>
              <string>sr_get_file_name</string>
              <string>sr_get_include_list</string>
              <string>sr_get_include_stream_list</string>
              <string>sr_get_module</string>
              <string>sr_get_position</string>
              <string>sr_get_size_counters</string>
              <string>sr_get_stream</string>
              <string>sr_new_pass</string>
              <string>sr_open</string>
              <string>sr_read_term</string>
              <string>sr_set_error_counters</string>
              <string>sr_write_error</string>
              <string>sr_write_message</string>
              <string>statistics</string>
              <string>stop</string>
              <string>stream_line_column</string>
              <string>stream_position</string>
              <string>stream_property</string>
              <string>sub_atom</string>
              <string>sublist</string>
              <string>suffix</string>
              <string>sum_list</string>
              <string>syntax_error_info</string>
              <string>system</string>
              <string>system_time</string>
              <string>tab</string>
              <string>tell</string>
              <string>telling</string>
              <string>temporary_file</string>
              <string>temporary_name</string>
              <string>term_ref</string>
              <string>told</string>
              <string>top_level</string>
              <string>trace</string>
              <string>unget_byte</string>
              <string>unget_char</string>
              <string>unget_code</string>
              <string>unify_with_occurs_check</string>
              <string>unlink</string>
              <string>user_time</string>
              <string>var</string>
              <string>wait</string>
              <string>wam_debug</string>
              <string>working_directory</string>
              <string>write</string>
              <string>write_canonical</string>
              <string>write_canonical_to_atom</string>
              <string>write_canonical_to_chars</string>
              <string>write_canonical_to_codes</string>
              <string>write_pl_state_file</string>
              <string>write_term</string>
              <string>write_term_to_atom</string>
              <string>write_term_to_chars</string>
              <string>write_term_to_codes</string>
              <string>write_to_atom</string>
              <string>write_to_chars</string>
              <string>write_to_codes</string>
              <string>writeq</string>
              <string>writeq_to_atom</string>
              <string>writeq_to_chars</string>
              <string>writeq_to_codes</string>
            </_list>
          </_tokenList>
        </acide.configuration.lexicon.tokens.AcideLexiconTokenGroup>
        <acide.configuration.lexicon.tokens.AcideLexiconTokenGroup>
          <_name>Color: [R: 204, G: 153, B: 0], Font Style: Bold, Case Sensitive: Yes</_name>
          <_color>
            <red>204</red>
            <green>153</green>
            <blue>0</blue>
            <alpha>255</alpha>
          </_color>
          <_fontStyle>2</_fontStyle>
          <_isCaseSensitive>true</_isCaseSensitive>
          <_tokenList>
            <_list>
              <string>.</string>
              <string>&lt;</string>
              <string>=</string>
              <string>=..</string>
              <string>=:=</string>
              <string>=&lt;</string>
              <string>==</string>
              <string>=\=</string>
              <string>&gt;</string>
              <string>&gt;=</string>
              <string>@&lt;</string>
              <string>@=&lt;</string>
              <string>@&gt;</string>
              <string>@&gt;=</string>
              <string>\+</string>
              <string>\=</string>
              <string>\==</string>
            </_list>
          </_tokenList>
        </acide.configuration.lexicon.tokens.AcideLexiconTokenGroup>
        <acide.configuration.lexicon.tokens.AcideLexiconTokenGroup>
          <_name>Color: [R: 0, G: 0, B: 0], Font Style: Bold, Case Sensitive: No</_name>
          <_color>
            <red>0</red>
            <green>0</green>
            <blue>0</blue>
            <alpha>255</alpha>
          </_color>
          <_fontStyle>2</_fontStyle>
          <_isCaseSensitive>false</_isCaseSensitive>
          <_tokenList>
            <_list>
              <string>GNU</string>
            </_list>
          </_tokenList>
        </acide.configuration.lexicon.tokens.AcideLexiconTokenGroup>
      </_list>
    </_list>
  </_tokenTypeManager>
  <_validExtensionsManager>
    <_list>
      <_list>
        <string>dl</string>
      </_list>
    </_list>
  </_validExtensionsManager>
  <_delimitersManager>
    <_list>
      <_list>
        <string>.</string>
        <string>&lt;</string>
        <string>=</string>
        <string>=..</string>
        <string>=:=</string>
        <string>=&lt;</string>
        <string>==</string>
        <string>=\=</string>
        <string>&gt;</string>
        <string>&gt;=</string>
        <string>@&lt;</string>
        <string>@=&lt;</string>
        <string>@&gt;</string>
        <string>@&gt;=</string>
        <string>\+</string>
        <string>\=</string>
        <string>\==</string>
      </_list>
    </_list>
  </_delimitersManager>
  <_remarksManager>
    <_symbol>%</_symbol>
    <_isCaseSensitive>false</_isCaseSensitive>
    <_color>
      <red>0</red>
      <green>124</green>
      <blue>0</blue>
      <alpha>255</alpha>
    </_color>
        <_fontStyle>0</_fontStyle>
  </_remarksManager>
</acide.configuration.lexicon.AcideLexiconConfiguration>