<acide.configuration.lexicon.AcideLexiconConfiguration>
  <__name>java</__name>
  <__path>.\configuration\lexicon\java.xml</__path>
  <__isCompiledOrInterpreted>false</__isCompiledOrInterpreted>
  <__tokenTypeManager>
    <__list>
      <__list>
        <acide.configuration.lexicon.tokens.AcideLexiconTokenGroup>
          <__name>Color: [R: 153, G: 0, B: 51], Font Style: Bold, Case Sensitive: Yes</__name>
          <__color>
            <red>153</red>
            <green>0</green>
            <blue>51</blue>
            <alpha>255</alpha>
          </__color>
          <__fontStyle>1</__fontStyle>
          <__isCaseSensitive>true</__isCaseSensitive>
          <__tokenList>
            <__list>
              <string>class</string>
              <string>import</string>
              <string>char</string>
              <string>void</string>
              <string>int</string>
              <string>protected</string>
              <string>public</string>
              <string>String</string>
              <string>boolean</string>
              <string>false</string>
            </__list>
          </__tokenList>
        </acide.configuration.lexicon.tokens.AcideLexiconTokenGroup>
        <acide.configuration.lexicon.tokens.AcideLexiconTokenGroup>
          <__name>Color: [R: 153, G: 0, B: 51], Font Style: Bold, Case Sensitive: No</__name>
          <__color reference="../../acide.configuration.lexicon.tokens.AcideLexiconTokenGroup/_color"/>
          <__fontStyle>1</__fontStyle>
          <__isCaseSensitive>true</__isCaseSensitive>
          <__tokenList>
            <__list>
              <string>true</string>
              <string>new</string>
              <string>static</string>
              <string>package</string>
              <string>long</string>
            </__list>
          </__tokenList>
        </acide.configuration.lexicon.tokens.AcideLexiconTokenGroup>
      </__list>
    </__list>
  </__tokenTypeManager>
  <__validExtensionsManager>
    <__list>
      <__list>
        <string>java</string>
        <string>jav</string>
      </__list>
    </__list>
  </__validExtensionsManager>
  <__delimitersManager>
    <__list>
      <__list>
        <string>.</string>
        <string>,</string>
        <string>+</string>
      </__list>
    </__list>
  </__delimitersManager>
  <__remarksManager>
    <__symbol>//</__symbol>
    <__isCaseSensitive>false</__isCaseSensitive>
    <__color>
      <red>0</red>
      <green>124</green>
      <blue>0</blue>
      <alpha>255</alpha>
    </__color>
    <__fontStyle>0</__fontStyle>
  </__remarksManager>
</acide.configuration.lexicon.AcideLexiconConfiguration>