<acide.configuration.lexicon.AcideLexiconConfiguration>
  <__name>latex</__name>
  <__path>.\configuration\lexicon\latex.xml</__path>
  <__isCompiledOrInterpreted>false</__isCompiledOrInterpreted>
  <__tokenTypeManager>
    <__list>
      <__list>
        <acide.configuration.lexicon.tokens.AcideLexiconTokenGroup>
          <__name>Color: [R: 0, G: 0, B: 255], Font Style: Bold, Case Sensitive: Yes</__name>
          <__color>
            <red>0</red>
            <green>0</green>
            <blue>255</blue>
            <alpha>255</alpha>
          </__color>
          <__fontStyle>2</__fontStyle>
          <__isCaseSensitive>true</__isCaseSensitive>
          <__tokenList>
            <__list>
              <string>\section</string>
            </__list>
          </__tokenList>
        </acide.configuration.lexicon.tokens.AcideLexiconTokenGroup>
        <acide.configuration.lexicon.tokens.AcideLexiconTokenGroup>
          <__name>Color: [R: 204, G: 0, B: 255], Font Style: Plain, Case Sensitive: Yes</__name>
          <__color>
            <red>204</red>
            <green>0</green>
            <blue>255</blue>
            <alpha>255</alpha>
          </__color>
          <__fontStyle>0</__fontStyle>
          <__isCaseSensitive>true</__isCaseSensitive>
          <__tokenList>
            <__list>
              <string>\label</string>
              <string>\cite</string>
              <string>\ref</string>
            </__list>
          </__tokenList>
        </acide.configuration.lexicon.tokens.AcideLexiconTokenGroup>
        <acide.configuration.lexicon.tokens.AcideLexiconTokenGroup>
          <__name>Color: [R: 51, G: 153, B: 0], Font Style: Bold, Case Sensitive: No</__name>
          <__color>
            <red>51</red>
            <green>153</green>
            <blue>0</blue>
            <alpha>255</alpha>
          </__color>
          <__fontStyle>2</__fontStyle>
          <__isCaseSensitive>false</__isCaseSensitive>
          <__tokenList>
            <__list>
              <string>\documentclass</string>
            </__list>
          </__tokenList>
        </acide.configuration.lexicon.tokens.AcideLexiconTokenGroup>
        <acide.configuration.lexicon.tokens.AcideLexiconTokenGroup>
          <__name>Color: [R: 0, G: 0, B: 255], Font Style: Bold, Case Sensitive: No</__name>
          <__color reference="../../acide.configuration.lexicon.tokens.AcideLexiconTokenGroup/_color"/>
          <__fontStyle>2</__fontStyle>
          <__isCaseSensitive>false</__isCaseSensitive>
          <__tokenList>
            <__list>
              <string>\title</string>
              <string>\author</string>
              <string>\paragraph</string>
              <string>\subsection</string>
              <string>\subsubsection</string>
            </__list>
          </__tokenList>
        </acide.configuration.lexicon.tokens.AcideLexiconTokenGroup>
        <acide.configuration.lexicon.tokens.AcideLexiconTokenGroup>
          <__name>Color: [R: 153, G: 0, B: 0], Font Style: Plain, Case Sensitive: No</__name>
          <__color>
            <red>153</red>
            <green>0</green>
            <blue>0</blue>
            <alpha>255</alpha>
          </__color>
          <__fontStyle>0</__fontStyle>
          <__isCaseSensitive>false</__isCaseSensitive>
          <__tokenList>
            <__list>
              <string>\abstract</string>
            </__list>
          </__tokenList>
        </acide.configuration.lexicon.tokens.AcideLexiconTokenGroup>
        <acide.configuration.lexicon.tokens.AcideLexiconTokenGroup>
          <__name>Color: [R: 255, G: 204, B: 0], Font Style: Bold, Case Sensitive: No</__name>
          <__color>
            <red>255</red>
            <green>204</green>
            <blue>0</blue>
            <alpha>255</alpha>
          </__color>
          <__fontStyle>2</__fontStyle>
          <__isCaseSensitive>false</__isCaseSensitive>
          <__tokenList>
            <__list>
              <string>{</string>
              <string>}</string>
              <string>[</string>
              <string>]</string>
              <string>(</string>
              <string>)</string>
            </__list>
          </__tokenList>
        </acide.configuration.lexicon.tokens.AcideLexiconTokenGroup>
        <acide.configuration.lexicon.tokens.AcideLexiconTokenGroup>
          <__name>Color: [R: 0, G: 0, B: 255], Font Style: Plain, Case Sensitive: No</__name>
          <__color reference="../../acide.configuration.lexicon.tokens.AcideLexiconTokenGroup/_color"/>
          <__fontStyle>0</__fontStyle>
          <__isCaseSensitive>false</__isCaseSensitive>
          <__tokenList>
            <__list>
              <string>\begin</string>
              <string>\end</string>
              <string>\item</string>
              <string>\include</string>
              <string>\input</string>
            </__list>
          </__tokenList>
        </acide.configuration.lexicon.tokens.AcideLexiconTokenGroup>
        <acide.configuration.lexicon.tokens.AcideLexiconTokenGroup>
          <__name>Color: [R: 51, G: 153, B: 0], Font Style: Plain, Case Sensitive: No</__name>
          <__color reference="../../acide.configuration.lexicon.tokens.AcideLexiconTokenGroup[3]/_color"/>
          <__fontStyle>0</__fontStyle>
          <__isCaseSensitive>false</__isCaseSensitive>
          <__tokenList>
            <__list>
              <string>itemize</string>
              <string>enumerate</string>
              <string>table</string>
              <string>tabular</string>
              <string>document</string>
            </__list>
          </__tokenList>
        </acide.configuration.lexicon.tokens.AcideLexiconTokenGroup>
        <acide.configuration.lexicon.tokens.AcideLexiconTokenGroup>
          <__name>Color: [R: 0, G: 0, B: 0], Font Style: Bold, Case Sensitive: No</__name>
          <__color>
            <red>0</red>
            <green>0</green>
            <blue>0</blue>
            <alpha>255</alpha>
          </__color>
          <__fontStyle>2</__fontStyle>
          <__isCaseSensitive>false</__isCaseSensitive>
          <__tokenList>
            <__list>
              <string>\tt</string>
            </__list>
          </__tokenList>
        </acide.configuration.lexicon.tokens.AcideLexiconTokenGroup>
        <acide.configuration.lexicon.tokens.AcideLexiconTokenGroup>
          <__name>Color: [R: 0, G: 0, B: 0], Font Style: Italic, Case Sensitive: No</__name>
          <__color reference="../../acide.configuration.lexicon.tokens.AcideLexiconTokenGroup[9]/_color"/>
          <__fontStyle>1</__fontStyle>
          <__isCaseSensitive>false</__isCaseSensitive>
          <__tokenList>
            <__list>
              <string>\em</string>
            </__list>
          </__tokenList>
        </acide.configuration.lexicon.tokens.AcideLexiconTokenGroup>
        <acide.configuration.lexicon.tokens.AcideLexiconTokenGroup>
          <__name>Color: [R: 0, G: 0, B: 124], Font Style: Bold, Case Sensitive: No</__name>
          <__color>
            <red>0</red>
            <green>0</green>
            <blue>124</blue>
            <alpha>255</alpha>
          </__color>
          <__fontStyle>2</__fontStyle>
          <__isCaseSensitive>false</__isCaseSensitive>
          <__tokenList>
            <__list>
              <string>\sf</string>
            </__list>
          </__tokenList>
        </acide.configuration.lexicon.tokens.AcideLexiconTokenGroup>
      </__list>
    </__list>
  </__tokenTypeManager>
  <__validExtensionsManager>
    <__list>
      <__list>
        <string>dl</string>
      </__list>
    </__list>
  </__validExtensionsManager>
  <__delimitersManager>
    <__list>
      <__list>
        <string>{</string>
        <string>}</string>
        <string>[</string>
        <string>]</string>
        <string>(</string>
        <string>)</string>
      </__list>
    </__list>
  </__delimitersManager>
  <__remarksManager>
    <__symbol>%</__symbol>
    <__isCaseSensitive>false</__isCaseSensitive>
    <__color>
      <red>0</red>
      <green>124</green>
      <blue>0</blue>
      <alpha>255</alpha>
    </__color>
    <__fontStyle>0</__fontStyle>
  </__remarksManager>
</acide.configuration.lexicon.AcideLexiconConfiguration>