<acide.configuration.lexicon.AcideLexiconConfiguration>
  <__name>rc</__name>
  <__path>./configuration/lexicon/rc.xml</__path>
  <__isCompiledOrInterpreted>false</__isCompiledOrInterpreted>
  <__tokenTypeManager>
    <__list>
      <__list>
        <acide.configuration.lexicon.tokens.AcideLexiconTokenGroup>
          <__name>Color: [R: 0, G: 0, B: 255], Font Style: Plain, Case Sensitive: No</__name>
          <__color>
            <red>0</red>
            <green>0</green>
            <blue>255</blue>
            <alpha>255</alpha>
          </__color>
          <__fontStyle>0</__fontStyle>
          <__isCaseSensitive>false</__isCaseSensitive>
          <__tokenList>
            <__list>
              <string>true</string>
              <string>false</string>
              <string>and</string>
              <string>or</string>
              <string>not</string>
            </__list>
          </__tokenList>
        </acide.configuration.lexicon.tokens.AcideLexiconTokenGroup>
        <acide.configuration.lexicon.tokens.AcideLexiconTokenGroup>
          <__name>Color: [R: 204, G: 153, B: 0], Font Style: Bold, Case Sensitive: Yes</__name>
          <__color>
            <red>204</red>
            <green>153</green>
            <blue>0</blue>
            <alpha>255</alpha>
          </__color>
          <__fontStyle>1</__fontStyle>
          <__isCaseSensitive>true</__isCaseSensitive>
          <__tokenList>
            <__list>
              <string>{</string>
              <string>}</string>
              <string>|</string>
              <string>.</string>
              <string>=</string>
              <string>:=</string>
              <string>&gt;</string>
              <string>&gt;=</string>
              <string>&lt;</string>
              <string>.</string>
              <string>(</string>
              <string>)</string>
              <string>:-</string>
              <string>,</string>
              <string>+</string>
              <string>-</string>
              <string>*</string>
              <string>**</string>
              <string>^</string>
              <string>/</string>
              <string>//</string>
              <string>rem</string>
              <string>#</string>
              <string>+</string>
              <string>-</string>
              <string>sqrt</string>
              <string>ln</string>
              <string>log</string>
              <string>sin</string>
              <string>cos</string>
              <string>tan</string>
              <string>cot</string>
              <string>asin</string>
              <string>acos</string>
              <string>atan</string>
              <string>acot</string>
              <string>abs</string>
              <string>float</string>
              <string>integer</string>
              <string>sign</string>
              <string>gcd</string>
              <string>truncate</string>
              <string>float_integer_part</string>
              <string>float_fractional_part</string>
              <string>round</string>
              <string>pi</string>
              <string>e</string>
            </__list>
          </__tokenList>
        </acide.configuration.lexicon.tokens.AcideLexiconTokenGroup>
        <acide.configuration.lexicon.tokens.AcideLexiconTokenGroup>
          <__name>Color: [R: 153, G: 0, B: 153], Font Style: Plain, Case Sensitive: No</__name>
          <__color>
            <red>153</red>
            <green>0</green>
            <blue>153</blue>
            <alpha>255</alpha>
          </__color>
          <__fontStyle>0</__fontStyle>
          <__isCaseSensitive>false</__isCaseSensitive>
          <__tokenList>
            <__list>
            
            

              <string>/[</string>
              <string>/[+</string>
              <string>/abolish</string>
              <string>/apropos</string>
              <string>/ashell</string>
              <string>/assert</string>
              <string>/autosave</string>
              <string>/batch</string>
              <string>/builtins</string>
              <string>/c</string>
              <string>/cat</string>
              <string>/cd</string>
              <string>/check</string>
              <string>/check_db</string>
              <string>/clear_et</string>
              <string>/close_db</string>
              <string>/close_dbs</string>
              <string>/close_persistent</string>
              <string>/compact_listings</string>
              <string>/consult</string>
              <string>/copy</string>
              <string>/cp</string>
              <string>/current_db</string>
              <string>/current_flag</string>
              <string>/datalog</string>
              <string>/db_schema</string>
              <string>/dbschema</string>
              <string>/debug</string>
              <string>/debug_datalog</string>
              <string>/debug_dl</string>
              <string>/debug_sql</string>
              <string>/debug_sql_bench</string>
              <string>/del</string>
              <string>/dependent_relations</string>
              <string>/des</string>
              <string>/des_sql_solving</string>
              <string>/development</string>
              <string>/dir</string>
              <string>/display_answer</string>
              <string>/display_banner</string>
              <string>/display_nbr_of_tuples</string>
              <string>/display_stopwatch</string>
              <string>/drc</string>
              <string>/drop_all_relations</string>
              <string>/drop_all_tables</string>
              <string>/drop_all_views</string>
              <string>/drop_assertion</string>
              <string>/drop_ic</string>
              <string>/duplicates</string>
              <string>/e</string>
              <string>/edit</string>
              <string>/exit</string>
              <string>/format_timing</string>
              <string>/fp_info</string>
              <string>/generate_db</string>
              <string>/h</string>
              <string>/halt</string>
              <string>/help</string>
              <string>/host_safe</string>
              <string>/host_statistics</string>
              <string>/hypothetical</string>
              <string>/if</string>
              <string>/indexing</string>
              <string>/is_empty</string>
              <string>/license</string>
              <string>/list_dbs</string>
              <string>/list_et</string>
              <string>/list_modes</string>
              <string>/list_persistent</string>
              <string>/list_relations</string>
              <string>/list_sources</string>
              <string>/list_table_constraints</string>
              <string>/list_table_schemas</string>
              <string>/list_tables</string>
              <string>/list_view_schemas</string>
              <string>/list_views</string>
              <string>/listing</string>
              <string>/listing_asserted</string>
              <string>/log</string>
              <string>/ls</string>
              <string>/multiline</string>
              <string>/nolog</string>
              <string>/nospy</string>
              <string>/nospyall</string>
              <string>/nulls</string>
              <string>/open_db</string>
              <string>/optimize_cc</string>
              <string>/optimize_ep</string>
              <string>/optimize_nrp</string>
              <string>/optimize_st</string>
              <string>/order_answer</string>
              <string>/output</string>
              <string>/p</string>
              <string>/pdg</string>
              <string>/pretty_print</string>
              <string>/process</string>
              <string>/prolog</string>
              <string>/prolog_system</string>
              <string>/prompt</string>
              <string>/pwd</string>
              <string>/q</string>
              <string>/quit</string>
              <string>/r</string>
              <string>/ra</string>
              <string>/rdg</string>
              <string>/reconsult</string>
              <string>/referenced_relations</string>
              <string>/refresh_db</string>
              <string>/relation_exists</string>
              <string>/relation_schema</string>
              <string>/reorder_goals</string>
              <string>/repeat</string>
              <string>/reset</string>
              <string>/reset_stopwatch</string>
              <string>/restore_ddb</string>
              <string>/restore_default_status</string>
              <string>/restore_state</string>
              <string>/retract</string>
              <string>/retractall</string>
              <string>/rm</string>
              <string>/running_info</string>
              <string>/s</string>
              <string>/safe</string>
              <string>/safety_warnings</string>
              <string>/save_ddb</string>
              <string>/save_state</string>
              <string>/set_editor</string>
              <string>/set_flag</string>
              <string>/shell</string>
              <string>/show_compilations</string>
              <string>/show_dbs</string>
              <string>/show_sql</string>
              <string>/silent</string>
              <string>/simplification</string>
              <string>/singleton_warnings</string>
              <string>/spy</string>
              <string>/sql</string>
              <string>/sql_left_delimiter</string>
              <string>/sql_right_delimiter</string>
              <string>/start_stopwatch</string>
              <string>/statistics</string>
              <string>/status</string>
              <string>/stop_stopwatch</string>
              <string>/strata</string>
              <string>/system</string>
              <string>/t</string>
              <string>/tapi</string>
              <string>/tc_domain</string>
              <string>/tc_size</string>
              <string>/terminate</string>
              <string>/test_case</string>
              <string>/test_tapi</string>
              <string>/timeout</string>
              <string>/timing</string>
              <string>/trace_datalog</string>
              <string>/trace_sql</string>
              <string>/trc</string>
              <string>/type</string>
              <string>/type_casting</string>
              <string>/undef_pred_warnings</string>
              <string>/unfold</string>
              <string>/use_db</string>
              <string>/use_ddb</string>
              <string>/verbose</string>
              <string>/version</string>
              <string>/write</string>
              <string>/write_to_file</string>
              <string>/writeln</string>
              <string>/writeln_to_file</string>

            
            </__list>
          </__tokenList>
        </acide.configuration.lexicon.tokens.AcideLexiconTokenGroup>
      </__list>
    </__list>
  </__tokenTypeManager>
  <__validExtensionsManager>
    <__list>
      <__list>
        <string>dl</string>
      </__list>
    </__list>
  </__validExtensionsManager>
  <__delimitersManager>
    <__list>
      <__list>
        <string>|</string>
        <string>{</string>
        <string>}</string>
        <string>.</string>
        <string>&lt;</string>
        <string>=</string>
        <string>=..</string>
        <string>=:=</string>
        <string>=&lt;</string>
        <string>==</string>
        <string>=\=</string>
        <string>&gt;</string>
        <string>&gt;=</string>
        <string>@&lt;</string>
        <string>@=&lt;</string>
        <string>@&gt;</string>
        <string>@&gt;=</string>
        <string>\+</string>
        <string>\=</string>
        <string>\==</string>
      </__list>
    </__list>
  </__delimitersManager>
  <__remarksManager>
    <__symbol>%</__symbol>
    <__isCaseSensitive>false</__isCaseSensitive>
    <__color>
      <red>0</red>
      <green>124</green>
      <blue>0</blue>
      <alpha>255</alpha>
    </__color>
    <__fontStyle>0</__fontStyle>
  </__remarksManager>
</acide.configuration.lexicon.AcideLexiconConfiguration>