<acide.configuration.lexicon.AcideLexiconConfiguration>
  <__name>swiProlog</__name>
  <__path>.\configuration\lexicon\swiProlog.xml</__path>
  <__isCompiledOrInterpreted>false</__isCompiledOrInterpreted>
  <__tokenTypeManager>
    <__list>
      <__list>
        <acide.configuration.lexicon.tokens.AcideLexiconTokenGroup>
          <__name>Color: [R: 0, G: 0, B: 0], Font Style: Bold, Case Sensitive: Yes</__name>
          <__color>
            <red>0</red>
            <green>0</green>
            <blue>0</blue>
            <alpha>255</alpha>
          </__color>
          <__fontStyle>2</__fontStyle>
          <__isCaseSensitive>true</__isCaseSensitive>
          <__tokenList>
            <__list>
              <string>false</string>
            </__list>
          </__tokenList>
        </acide.configuration.lexicon.tokens.AcideLexiconTokenGroup>
        <acide.configuration.lexicon.tokens.AcideLexiconTokenGroup>
          <__name>Color: [R: 255, G: 0, B: 0], Font Style: Bold, Case Sensitive: Yes</__name>
          <__color>
            <red>255</red>
            <green>0</green>
            <blue>0</blue>
            <alpha>255</alpha>
          </__color>
          <__fontStyle>2</__fontStyle>
          <__isCaseSensitive>true</__isCaseSensitive>
          <__tokenList>
            <__list>
              <string>abolish</string>
              <string>abort</string>
              <string>absolute_file_name</string>
              <string>access_file</string>
              <string>acyclic_term</string>
              <string>add_import_module</string>
              <string>append</string>
              <string>apply</string>
              <string>arg</string>
              <string>arithmetic_function</string>
              <string>assert_bindings</string>
              <string>assert</string>
              <string>asserta</string>
              <string>assertz</string>
              <string>at_end_of_stream</string>
              <string>at_halt</string>
              <string>at_initialization</string>
              <string>atom_chars</string>
              <string>atom_codes</string>
              <string>atom_concat</string>
              <string>atom_length</string>
              <string>atom_number</string>
              <string>atom_prefix</string>
              <string>atom_to_term</string>
              <string>atom</string>
              <string>atomic</string>
              <string>attvar</string>
              <string>autoload</string>
              <string>b_getval</string>
              <string>b_setval</string>
              <string>bagof</string>
              <string>between</string>
              <string>block</string>
              <string>break</string>
              <string>byte_count</string>
              <string>call_cleanup</string>
              <string>call_shared_object_function</string>
              <string>call_with_depth_limit</string>
              <string>call</string>
              <string>callable</string>
              <string>catch</string>
              <string>char_code</string>
              <string>char_conversion</string>
              <string>char_type</string>
              <string>character_count</string>
              <string>clause_property</string>
              <string>clause</string>
              <string>close_dde_conversation</string>
              <string>close_shared_object</string>
              <string>close</string>
              <string>code_type</string>
              <string>collation_key</string>
              <string>comment_hook</string>
              <string>compare</string>
              <string>compile_predicates</string>
              <string>compiling</string>
              <string>compound</string>
              <string>concat_atom</string>
              <string>consult</string>
              <string>context_module</string>
              <string>copy_stream_data</string>
              <string>copy_term_nat</string>
              <string>copy_term</string>
              <string>current_arithmetic_function</string>
              <string>current_atom</string>
              <string>current_blob</string>
              <string>current_char_conversion</string>
              <string>current_flag</string>
              <string>current_format_predicate</string>
              <string>current_functor</string>
              <string>current_input</string>
              <string>current_key</string>
              <string>current_module</string>
              <string>current_mutex</string>
              <string>current_op</string>
              <string>current_output</string>
              <string>current_predicate</string>
              <string>current_prolog_flag</string>
              <string>current_resource</string>
              <string>current_signal</string>
              <string>current_thread</string>
              <string>cyclic_term</string>
              <string>date_time_stamp</string>
              <string>dde_execute</string>
              <string>dde_poke</string>
              <string>dde_request</string>
              <string>debug_control_hook</string>
              <string>debugging</string>
              <string>default_module</string>
              <string>del_attr</string>
              <string>delete_bound_vars</string>
              <string>delete_directory</string>
              <string>delete_file</string>
              <string>delete_import_module</string>
              <string>deterministic</string>
              <string>discontiguous</string>
              <string>downcase_atom</string>
              <string>duplicate_term</string>
              <string>dwim_match</string>
              <string>dwim_predicate</string>
              <string>dynamic</string>
              <string>ensure_loaded</string>
              <string>erase</string>
              <string>error_message</string>
              <string>eval_license</string>
              <string>exception</string>
              <string>exists_directory</string>
              <string>exists_file</string>
              <string>exit</string>
              <string>expand_answer</string>
              <string>expand_args</string>
              <string>expand_file_name</string>
              <string>expand_file_search_path</string>
              <string>expand_goal</string>
              <string>expand_query</string>
              <string>expand_term</string>
              <string>expand_vars</string>
              <string>export_list</string>
              <string>export</string>
              <string>fail</string>
              <string>file_base_name</string>
              <string>file_directory_name</string>
              <string>file_list</string>
              <string>file_name_extension</string>
              <string>file_search_path</string>
              <string>fileerrors</string>
              <string>findall</string>
              <string>flag</string>
              <string>float</string>
              <string>flush_output</string>
              <string>forall</string>
              <string>format_predicate</string>
              <string>format_time</string>
              <string>format</string>
              <string>freeze</string>
              <string>frozen</string>
              <string>functor</string>
              <string>garbage_collect_atoms</string>
              <string>garbage_collect_clauses</string>
              <string>garbage_collect</string>
              <string>get_attr</string>
              <string>get_attrs</string>
              <string>get_byte</string>
              <string>get_char</string>
              <string>get_code</string>
              <string>get_single_char</string>
              <string>get_time</string>
              <string>get</string>
              <string>get0</string>
              <string>getenv</string>
              <string>goal_expansion</string>
              <string>gpled</string>
              <string>ground</string>
              <string>halt</string>
              <string>hash_term</string>
              <string>hash</string>
              <string>ignore</string>
              <string>import_module</string>
              <string>import</string>
              <string>index</string>
              <string>initialization</string>
              <string>integer</string>
              <string>is_absolute_file_name</string>
              <string>is_list</string>
              <string>is_stream</string>
              <string>is</string>
              <string>keysort</string>
              <string>leash</string>
              <string>length</string>
              <string>library_directory</string>
              <string>license_list</string>
              <string>license</string>
              <string>licensed</string>
              <string>line_count</string>
              <string>line_position</string>
              <string>load_files</string>
              <string>make_directory</string>
              <string>make_library_index</string>
              <string>maplist</string>
              <string>memberchk</string>
              <string>message_hook</string>
              <string>message_queue_create</string>
              <string>message_queue_destroy</string>
              <string>message_queue_size</string>
              <string>message_to_string</string>
              <string>message</string>
              <string>module_transparent</string>
              <string>module</string>
              <string>msort</string>
              <string>multifile</string>
              <string>mutex_create</string>
              <string>mutex_destroy</string>
              <string>mutex_lock</string>
              <string>mutex_statistics</string>
              <string>mutex_trylock</string>
              <string>mutex_unlock_all</string>
              <string>mutex_unlock</string>
              <string>name_var</string>
              <string>name</string>
              <string>nb_current</string>
              <string>nb_delete</string>
              <string>nb_getval</string>
              <string>nb_linkarg</string>
              <string>nb_linkval</string>
              <string>nb_setarg</string>
              <string>nb_setval</string>
              <string>nl</string>
              <string>nonvar</string>
              <string>noprofile</string>
              <string>noprotocol</string>
              <string>nospy</string>
              <string>nospyall</string>
              <string>not</string>
              <string>notrace</string>
              <string>nth_clause</string>
              <string>number_chars</string>
              <string>number_codes</string>
              <string>number</string>
              <string>numbervars</string>
              <string>on_menu</string>
              <string>on_signal</string>
              <string>once</string>
              <string>op</string>
              <string>open_dde_conversation</string>
              <string>open_null_stream</string>
              <string>open_resource</string>
              <string>open_shared_object</string>
              <string>open_xterm</string>
              <string>open</string>
              <string>peek_byte</string>
              <string>peek_char</string>
              <string>peek_code</string>
              <string>phrase</string>
              <string>plus</string>
              <string>portray</string>
              <string>predicate_property</string>
              <string>preprocessor</string>
              <string>print_message_lines</string>
              <string>print_message</string>
              <string>print_query</string>
              <string>print_toplevel_variables</string>
              <string>print</string>
              <string>profiler</string>
              <string>prolog_choice_attribute</string>
              <string>prolog_current_frame</string>
              <string>prolog_event_hook</string>
              <string>prolog_file_type</string>
              <string>prolog_frame_attribute</string>
              <string>prolog_list_goal</string>
              <string>prolog_load_context</string>
              <string>prolog_load_file</string>
              <string>prolog_skip_level</string>
              <string>prolog_to_os_filename</string>
              <string>prolog</string>
              <string>prompt</string>
              <string>prompt1</string>
              <string>proprietary</string>
              <string>protocol</string>
              <string>protocola</string>
              <string>protocolling</string>
              <string>put_attr</string>
              <string>put_attrs</string>
              <string>put_byte</string>
              <string>put_char</string>
              <string>put_code</string>
              <string>put</string>
              <string>qcompile</string>
              <string>rational</string>
              <string>read_clause</string>
              <string>read_history</string>
              <string>read_link</string>
              <string>read_pending_input</string>
              <string>read_term</string>
              <string>read</string>
              <string>recorda</string>
              <string>recorded</string>
              <string>recordz</string>
              <string>redefine_system_predicate</string>
              <string>reload_library_index</string>
              <string>rename_file</string>
              <string>repeat</string>
              <string>report_gpl</string>
              <string>report_proprietary</string>
              <string>require</string>
              <string>reset_profiler</string>
              <string>resource</string>
              <string>retract</string>
              <string>retractall</string>
              <string>same_file</string>
              <string>see_also</string>
              <string>see</string>
              <string>seeing</string>
              <string>seek</string>
              <string>seen</string>
              <string>set_input</string>
              <string>set_output</string>
              <string>set_prolog_flag</string>
              <string>set_prolog_IO</string>
              <string>set_stream_position</string>
              <string>set_stream</string>
              <string>setarg</string>
              <string>setenv</string>
              <string>setlocale</string>
              <string>setof</string>
              <string>shell</string>
              <string>size_file</string>
              <string>skip</string>
              <string>sleep</string>
              <string>sort</string>
              <string>source_file</string>
              <string>source_location</string>
              <string>spy</string>
              <string>stamp_date_time</string>
              <string>statistics</string>
              <string>stream_position_data</string>
              <string>stream_property</string>
              <string>string_concat</string>
              <string>string_length</string>
              <string>string_to_atom</string>
              <string>string_to_list</string>
              <string>string</string>
              <string>strip_module</string>
              <string>style_check</string>
              <string>sub_atom</string>
              <string>sub_string</string>
              <string>sublist</string>
              <string>succ</string>
              <string>swritef</string>
              <string>tab</string>
              <string>tell</string>
              <string>telling</string>
              <string>term_expansion</string>
              <string>term_to_atom</string>
              <string>term_variables</string>
              <string>thread_at_exit</string>
              <string>thread_create</string>
              <string>thread_detach</string>
              <string>thread_exit</string>
              <string>thread_get_message</string>
              <string>thread_initialization</string>
              <string>thread_join</string>
              <string>thread_kill</string>
              <string>thread_local</string>
              <string>thread_peek_message</string>
              <string>thread_self</string>
              <string>thread_send_message</string>
              <string>thread_setconcurrency</string>
              <string>thread_signal</string>
              <string>thread_statistics</string>
              <string>throw</string>
              <string>time_file</string>
              <string>tmp_file</string>
              <string>told</string>
              <string>toplevel_var</string>
              <string>trace</string>
              <string>tracing</string>
              <string>trim_stacks</string>
              <string>tty_get_capability</string>
              <string>tty_goto</string>
              <string>tty_put</string>
              <string>tty_size</string>
              <string>ttyflush</string>
              <string>unifiable</string>
              <string>unify_with_occurs_check</string>
              <string>unsetenv</string>
              <string>upcase_atom</string>
              <string>use_module</string>
              <string>v_member</string>
              <string>var</string>
              <string>verbose_expansion</string>
              <string>verbose</string>
              <string>visible</string>
              <string>volatile</string>
              <string>wait_for_input</string>
              <string>warn_if_unknown</string>
              <string>wildcard_match</string>
              <string>win_exec</string>
              <string>win_has_menu</string>
              <string>win_insert_menu_item</string>
              <string>win_module_file</string>
              <string>win_registry_get_value</string>
              <string>win_shell</string>
              <string>with_mutex</string>
              <string>with_output_to</string>
              <string>working_directory</string>
              <string>write_canonical</string>
              <string>write_term</string>
              <string>write</string>
              <string>writef</string>
              <string>writeln</string>
              <string>writeq</string>
            </__list>
          </__tokenList>
        </acide.configuration.lexicon.tokens.AcideLexiconTokenGroup>
        <acide.configuration.lexicon.tokens.AcideLexiconTokenGroup>
          <__name>Color: [R: 204, G: 153, B: 0], Font Style: Bold, Case Sensitive: Yes</__name>
          <__color>
            <red>204</red>
            <green>153</green>
            <blue>0</blue>
            <alpha>255</alpha>
          </__color>
          <__fontStyle>2</__fontStyle>
          <__isCaseSensitive>true</__isCaseSensitive>
          <__tokenList>
            <__list>
              <string>!</string>
              <string>*-&gt;</string>
              <string>,</string>
              <string>.</string>
              <string>;</string>
              <string>?=</string>
              <string>@&lt;</string>
              <string>@=&lt;</string>
              <string>@&gt;</string>
              <string>@&gt;=</string>
              <string>[]</string>
              <string>\+</string>
              <string>\=@=</string>
              <string>\=</string>
              <string>\==</string>
              <string>^</string>
              <string>|</string>
              <string>&lt;</string>
              <string>=..</string>
              <string>=:=</string>
              <string>=@=</string>
              <string>=\=</string>
              <string>=</string>
              <string>=&gt;</string>
              <string>==</string>
              <string>&gt;</string>
              <string>-&gt;</string>
              <string>&gt;=</string>
            </__list>
          </__tokenList>
        </acide.configuration.lexicon.tokens.AcideLexiconTokenGroup>
        <acide.configuration.lexicon.tokens.AcideLexiconTokenGroup>
          <__name>Color: [R: 0, G: 0, B: 0], Font Style: Bold, Case Sensitive: Yes</__name>
          <__color>
            <red>0</red>
            <green>0</green>
            <blue>0</blue>
            <alpha>255</alpha>
          </__color>
          <__fontStyle>2</__fontStyle>
          <__isCaseSensitive>true</__isCaseSensitive>
          <__tokenList>
            <__list>
              <string>SWI</string>
            </__list>
          </__tokenList>
        </acide.configuration.lexicon.tokens.AcideLexiconTokenGroup>
      </__list>
    </__list>
  </__tokenTypeManager>
  <__validExtensionsManager>
    <__list>
      <__list>
        <string>dl</string>
      </__list>
    </__list>
  </__validExtensionsManager>
  <__delimitersManager>
    <__list>
      <__list>
        <string>!</string>
        <string>*-&gt;</string>
        <string>,</string>
        <string>.</string>
        <string>;</string>
        <string>?=</string>
        <string>@&lt;</string>
        <string>@=&lt;</string>
        <string>@&gt;</string>
        <string>@&gt;=</string>
        <string>[]</string>
        <string>\+</string>
        <string>\=@=</string>
        <string>\=</string>
        <string>\==</string>
        <string>^</string>
        <string>|</string>
        <string>&lt;</string>
        <string>=..</string>
        <string>=:=</string>
        <string>=@=</string>
        <string>=\=</string>
        <string>=</string>
        <string>=&gt;</string>
        <string>==</string>
        <string>&gt;</string>
        <string>-&gt;</string>
        <string>&gt;=</string>
      </__list>
    </__list>
  </__delimitersManager>
  <__remarksManager>
    <__symbol>%</__symbol>
    <__isCaseSensitive>false</__isCaseSensitive>
    <__color>
      <red>0</red>
      <green>124</green>
      <blue>0</blue>
      <alpha>255</alpha>
    </__color>
    <__fontStyle>0</__fontStyle>
  </__remarksManager>
</acide.configuration.lexicon.AcideLexiconConfiguration>