<acide.configuration.lexicon.AcideLexiconConfiguration>
	<_name>toy</_name>
	<_path>.\configuration\lexicon\toy.xml</_path>
	<_isCompiledOrInterpreted>false</_isCompiledOrInterpreted>
	<_tokenTypeManager>
		<_list>
			<_list>
				<acide.configuration.lexicon.tokens.AcideLexiconTokenGroup>
					<_name>Color: [R: 204, G: 153, B: 0], Font Style: Bold, Case
						Sensitive: Yes</_name>
					<_color>
						<red>204</red>
						<green>153</green>
						<blue>0</blue>
						<alpha>255</alpha>
					</_color>
					<_fontStyle>2</_fontStyle>
					<_isCaseSensitive>true</_isCaseSensitive>
					<_tokenList>
						<_list>
							<string>,</string>
							<string>=</string>
							<string>:-</string>
							<string>::</string>
							<string>&lt;==</string>
							<string>-></string>
							<string>data</string>
							<string>else</string>
							<string>if</string>
							<string>in</string>
							<string>include</string>
							<string>includecflpfd (reserved)</string>
							<string>infix</string>
							<string>infixl</string>
							<string>infixr</string>
							<string>primitive</string>
							<string>then</string>
							<string>type</string>
							<string>where</string>
						</_list>
					</_tokenList>
				</acide.configuration.lexicon.tokens.AcideLexiconTokenGroup>
				<acide.configuration.lexicon.tokens.AcideLexiconTokenGroup>
					<_name>Color: [R: 0, G: 153, B: 153], Font Style: Bold, Case
						Sensitive: No</_name>
					<_color>
						<red>0</red>
						<green>153</green>
						<blue>153</blue>
						<alpha>255</alpha>
					</_color>
					<_fontStyle>2</_fontStyle>
					<_isCaseSensitive>false</_isCaseSensitive>
					<_tokenList>
						<_list>
							<string>minimize</string>
							<string>maximize</string>
							<string>bb_minimize</string>
							<string>bb_maximize</string>
						</_list>
					</_tokenList>
				</acide.configuration.lexicon.tokens.AcideLexiconTokenGroup>
				<acide.configuration.lexicon.tokens.AcideLexiconTokenGroup>
					<_name>Color: [R: 0, G: 0, B: 0], Font Style: Bold, Case Sensitive:
						Yes</_name>
					<_color>
						<red>0</red>
						<green>0</green>
						<blue>0</blue>
						<alpha>255</alpha>
					</_color>
					<_fontStyle>2</_fontStyle>
					<_isCaseSensitive>true</_isCaseSensitive>
					<_tokenList>
						<_list>
							<string>+</string>
							<string>-</string>
							<string>*</string>
							<string>/</string>
							<string>**</string>
							<string>^</string>
							<string>==</string>
							<string>/=</string>
							<string>&lt;</string>
							<string>&lt;=</string>
							<string>&gt;</string>
							<string>&gt;=</string>
							<string>&gt;&gt;</string>
							<string>&gt;&gt;=</string>
							<string>abs</string>
							<string>acos</string>
							<string>acosh</string>
							<string>acot</string>
							<string>acoth</string>
							<string>asin</string>
							<string>asinh</string>
							<string>atan</string>
							<string>atanh</string>
							<string>ceiling</string>
							<string>chr</string>
							<string>collect</string>
							<string>collectN</string>
							<string>cont1</string>
							<string>cont2</string>
							<string>cos</string>
							<string>cosh</string>
							<string>cot</string>
							<string>coth</string>
							<string>div</string>
							<string>do</string>
							<string>done</string>
							<string>dVal</string>
							<string>dValToString</string>
							<string>else</string>
							<string>evalfd (reserved)</string>
							<string>exp</string>
							<string>fails</string>
							<string>flip</string>
							<string>floor</string>
							<string>gcd</string>
							<string>getChar</string>
							<string>getConstraintStore</string>
							<string>getLine</string>
							<string>if_then</string>
							<string>if_then_else</string>
							<string>ln</string>
							<string>log</string>
							<string>max</string>
							<string>min</string>
							<string>mod</string>
							<string>once</string>
							<string>ord</string>
							<string>putChar</string>
							<string>putStr</string>
							<string>putStrLn</string>
							<string>readFile</string>
							<string>readFileContents</string>
							<string>return</string>
							<string>round</string>
							<string>selectWhereVariableXi</string>
							<string>sin</string>
							<string>sinh</string>
							<string>sqrt</string>
							<string>tan</string>
							<string>tanh</string>
							<string>toReal</string>
							<string>trunc</string>
							<string>uminus</string>
							<string>writeFile</string>
						</_list>
					</_tokenList>
				</acide.configuration.lexicon.tokens.AcideLexiconTokenGroup>
				<acide.configuration.lexicon.tokens.AcideLexiconTokenGroup>
					<_name>Color: [R: 0, G: 0, B: 0], Font Style: Italic, Case
						Sensitive: Yes</_name>
					<_color>
						<red>0</red>
						<green>0</green>
						<blue>0</blue>
						<alpha>255</alpha>
					</_color>
					<_fontStyle>1</_fontStyle>
					<_isCaseSensitive>true</_isCaseSensitive>
					<_tokenList>
						<_list>
							<string>bool</string>
							<string>atomicConstraint</string>
							<string>channel</string>
							<string>char</string>
							<string>constraint</string>
							<string>cTree</string>
							<string>handle</string>
							<string>int</string>
							<string>io $\tau$</string>
							<string>ioMode</string>
							<string>pVal</string>
							<string>real</string>
							<string>varmut</string>
						</_list>
					</_tokenList>
				</acide.configuration.lexicon.tokens.AcideLexiconTokenGroup>
				<acide.configuration.lexicon.tokens.AcideLexiconTokenGroup>
					<_name>Color: [R: 0, G: 0, B: 0], Font Style: Italic and Bold, Case
						Sensitive: Yes</_name>
					<_color>
						<red>0</red>
						<green>0</green>
						<blue>0</blue>
						<alpha>255</alpha>
					</_color>
					<_fontStyle>3</_fontStyle>
					<_isCaseSensitive>true</_isCaseSensitive>
					<_tokenList>
						<_list>
							<string>,</string>
							<string>:</string>
							<string>[]</string>
							<string>appendMode</string>
							<string>atomicConstraint</string>
							<string>channel</string>
							<string>char</string>
							<string>constraint</string>
							<string>cTreeNode</string>
							<string>cTreeVoid</string>
							<string>false</string>
							<string>io</string>
							<string>pValApp</string>
							<string>pValBottom</string>
							<string>pValChar</string>
							<string>pValNum</string>
							<string>pValVar</string>
							<string>readMode</string>
							<string>stream</string>
							<string>true</string>
							<string>varmut</string>
							<string>writeMode</string>
						</_list>
					</_tokenList>
				</acide.configuration.lexicon.tokens.AcideLexiconTokenGroup>
				<acide.configuration.lexicon.tokens.AcideLexiconTokenGroup>
					<_name>Color: [R: 0, G: 0, B: 255], Font Style: Bold, Case
						Sensitive: Yes</_name>
					<_color>
						<red>0</red>
						<green>0</green>
						<blue>255</blue>
						<alpha>255</alpha>
					</_color>
					<_fontStyle>2</_fontStyle>
					<_isCaseSensitive>true</_isCaseSensitive>
					<_tokenList>
						<_list>
							<string>closeFile</string>
							<string>contin1</string>
							<string>contin2</string>
							<string>end_of_file</string>
							<string>getCharFile</string>
							<string>getLineFile</string>
							<string>openFile</string>
							<string>putCharFile</string>
							<string>putStrFile</string>
							<string>putStrLnFile</string>
						</_list>
					</_tokenList>
				</acide.configuration.lexicon.tokens.AcideLexiconTokenGroup>
				<acide.configuration.lexicon.tokens.AcideLexiconTokenGroup>
					<_name>Color: [R: 0, G: 124, B: 0], Font Style: Bold, Case
						Sensitive: Yes</_name>
					<_color>
						<red>0</red>
						<green>124</green>
						<blue>0</blue>
						<alpha>255</alpha>
					</_color>
					<_fontStyle>2</_fontStyle>
					<_isCaseSensitive>true</_isCaseSensitive>
					<_tokenList>
						<_list>
							<string>aux</string>
							<string>aux1</string>
							<string>aux2</string>
							<string>aux3</string>
							<string>aux4</string>
							<string>checkWishConsistency</string>
							<string>closeWish</string>
							<string>escape_tcl</string>
							<string>forkWish</string>
							<string>getNumber</string>
							<string>getString</string>
							<string>initSchedule</string>
							<string>intTostr</string>
							<string>newVar</string>
							<string>newVar1</string>
							<string>newVar2</string>
							<string>openWish</string>
							<string>readVar</string>
							<string>readWish</string>
							<string>runWidget</string>
							<string>runWidgetInit</string>
							<string>runWidgetPassive</string>
							<string>setlistelems</string>
							<string>setmenuelems</string>
							<string>strToint</string>
							<string>tk2tcl</string>
							<string>tkAddCanvas</string>
							<string>tkcitem</string>
							<string>tkcitems2tcl</string>
							<string>tkConf2tcl</string>
							<string>tkConfCollection2tcl</string>
							<string>tkConfig</string>
							<string>tkConfs2handler</string>
							<string>tkConfs2tcl</string>
							<string>tkExit</string>
							<string>tkFocus</string>
							<string>tkGetValue</string>
							<string>tkGetVar</string>
							<string>tkGetVarMsg</string>
							<string>tkGetVarValue</string>
							<string>tkLabel2Refname</string>
							<string>tkmain2tcl</string>
							<string>tkMenu2handler</string>
							<string>tkMenu2tcl</string>
							<string>tkParseInt</string>
							<string>tkRef2Label</string>
							<string>tkRef2Wtype</string>
							<string>tkRefname2Label</string>
							<string>tks2tcl</string>
							<string>tkSchedule</string>
							<string>tkSelectEvent</string>
							<string>tkSetValue</string>
							<string>tkShowCoords</string>
							<string>tkShowErrors</string>
							<string>tkslabels</string>
							<string>tkTerminateWish</string>
							<string>tkUpdate</string>
							<string>tkVoid</string>
							<string>writeVar</string>
							<string>writeVar1</string>
							<string>writeWish</string>
						</_list>
					</_tokenList>
				</acide.configuration.lexicon.tokens.AcideLexiconTokenGroup>
				<acide.configuration.lexicon.tokens.AcideLexiconTokenGroup>
					<_name>Color: [R: 0, G: 124, B: 0], Font Style: Italic, Case
						Sensitive: Yes</_name>
					<_color>
						<red>0</red>
						<green>124</green>
						<blue>0</blue>
						<alpha>255</alpha>
					</_color>
					<_fontStyle>1</_fontStyle>
					<_isCaseSensitive>true</_isCaseSensitive>
					<_tokenList>
						<_list>
							<string>tkCanvasItem</string>
							<string>tkConfCollection</string>
							<string>tkConfItem</string>
							<string>tkMenuItem $\tau$</string>
							<string>tkRefType</string>
							<string>tkWidget</string>
						</_list>
					</_tokenList>
				</acide.configuration.lexicon.tokens.AcideLexiconTokenType>
					<acide.configuration.lexicon.tokens.AcideLexiconTokenType>
						<_name>Color: [R: 0, G: 124, B: 0], Font Style: Italic and Bold,
							Case Sensitive: Yes</_name>
						<_color>
							<red>0</red>
							<green>124</green>
							<blue>0</blue>
							<alpha>255</alpha>
						</_color>
						<_fontStyle>3</_fontStyle>
						<_isCaseSensitive>true</_isCaseSensitive>
						<_tokenList>
							<_list>
								<string>tkActive</string>
								<string>tkAnchor</string>
								<string>tkBackground</string>
								<string>tkBottom</string>
								<string>tkButton</string>
								<string>tkCanvas</string>
								<string>tkCenter</string>
								<string>tkCheckButton</string>
								<string>tkCmd</string>
								<string>tkCol</string>
								<string>tkEntry</string>
								<string>tkExpand</string>
								<string>tkExpandX</string>
								<string>tkExpandY</string>
								<string>tkHeight</string>
								<string>tkInit</string>
								<string>tkItems</string>
								<string>tkLabel</string>
								<string>tkLeft</string>
								<string>tkLine</string>
								<string>tkList</string>
								<string>tkListBox</string>
								<string>tkMButton</string>
								<string>tkMenu</string>
								<string>tkMenuButton</string>
								<string>tkMessage</string>
								<string>tkMMenuButton</string>
								<string>tkMSeparator</string>
								<string>tkOval</string>
								<string>tkPolygon</string>
								<string>tkRectangle</string>
								<string>tkRef</string>
								<string>tkRefLabel</string>
								<string>tkRight</string>
								<string>tkRow</string>
								<string>tkScale</string>
								<string>tkScrollH</string>
								<string>tkScrollV</string>
								<string>tkTcl</string>
								<string>tkText</string>
								<string>tkTextEdit</string>
								<string>tkTop</string>
								<string>tkWidth</string>
							</_list>
						</_tokenList>
				</acide.configuration.lexicon.tokens.AcideLexiconTokenGroup>
				<acide.configuration.lexicon.tokens.AcideLexiconTokenGroup>
					<_name>Color: [R: 204, G: 0, B: 255], Font Style: Bold, Case
						Sensitive: Yes</_name>
					<_color>
						<red>204</red>
						<green>0</green>
						<blue>255</blue>
						<alpha>255</alpha>
					</_color>
					<_fontStyle>2</_fontStyle>
					<_isCaseSensitive>true</_isCaseSensitive>
					<_tokenList>
						<_list>
							<string>#=</string>
							<string>#\=</string>
							<string>#&lt;</string>
							<string>#&lt;=</string>
							<string>#&gt;</string>
							<string>#&gt;=</string>
							<string>#+</string>
							<string>#-</string>
							<string>#*</string>
							<string>#/</string>
							<string>#&amp;</string>
							<string>#&lt;=&gt;</string>
							<string>#=&gt;</string>
							<string>#\/</string>
							<string>all_different</string>
							<string>all_different'</string>
							<string>assignment</string>
							<string>belongs</string>
							<string>circuit</string>
							<string>circuit'</string>
							<string>count</string>
							<string>cumulative</string>
							<string>cumulative'</string>
							<string>domain</string>
							<string>element</string>
							<string>empty_fdset</string>
							<string>empty_interval</string>
							<string>end_fd (reserved)</string>
							<string>exactly</string>
							<string>fd_closure</string>
							<string>fd_degree</string>
							<string>fd_dom</string>
							<string>fd_global (reserved)</string>
							<string>fd_max</string>
							<string>fd_min</string>
							<string>fd_neighbors</string>
							<string>fd_set</string>
							<string>fd_size</string>
							<string>fd_statistics</string>
							<string>fd_statistics'</string>
							<string>fd_var</string>
							<string>fdmaximize (reserved)</string>
							<string>fdminimize (reserved)</string>
							<string>fdset_add_element</string>
							<string>fdset_belongs</string>
							<string>fdset_complement</string>
							<string>fdset_del_element</string>
							<string>fdset_disjoint</string>
							<string>fdset_equal</string>
							<string>fdset_intersect</string>
							<string>fdset_intersection</string>
							<string>fdset_max</string>
							<string>fdset_member</string>
							<string>fdset_min</string>
							<string>fdset_parts</string>
							<string>fdset_singleton</string>
							<string>fdset_size</string>
							<string>fdset_split</string>
							<string>fdset_subset</string>
							<string>fdset_subtract</string>
							<string>fdset_to_interval</string>
							<string>fdset_to_list</string>
							<string>fdset_to_range</string>
							<string>fdset_union</string>
							<string>fdsets_intersection</string>
							<string>fdsets_union</string>
							<string>indomain</string>
							<string>inf</string>
							<string>init_fd (reserved)</string>
							<string>inset</string>
							<string>intersect</string>
							<string>interval_to_fdset</string>
							<string>is_fdset</string>
							<string>isin (reserved)</string>
							<string>labeling</string>
							<string>list_to_fdset</string>
							<string>minimum (reserved)</string>
							<string>range_to_fdset</string>
							<string>scalar_product</string>
							<string>serialized</string>
							<string>serialized'</string>
							<string>setcomplement</string>
							<string>subset</string>
							<string>sum</string>
							<string>sup</string>
						</_list>
					</_tokenList>
				</acide.configuration.lexicon.tokens.AcideLexiconTokenGroup>
				<acide.configuration.lexicon.tokens.AcideLexiconTokenGroup>
					<_name>Color: [R: 204, G: 0, B: 255], Font Style: Italic, Case
						Sensitive: Yes</_name>
					<_color>
						<red>204</red>
						<green>0</green>
						<blue>255</blue>
						<alpha>255</alpha>
					</_color>
					<_fontStyle>1</_fontStyle>
					<_isCaseSensitive>true</_isCaseSensitive>
					<_tokenList>
						<_list>
							<string>allDiffOptions</string>
							<string>fdinterval</string>
							<string>fdset</string>
							<string>labelingType</string>
							<string>range</string>
							<string>reasoning</string>
							<string>serialOptions</string>
							<string>statistics</string>
							<string>wakeOptions (reserved)</string>
						</_list>
					</_tokenList>
				</acide.configuration.lexicon.tokens.AcideLexiconTokenGroup>
				<acide.configuration.lexicon.tokens.AcideLexiconTokenGroup>
					<_name>Color: [R: 204, G: 0, B: 255], Font Style: Italic and Bold,
						Case Sensitive: Yes</_name>
					<_color>
						<red>204</red>
						<green>0</green>
						<blue>255</blue>
						<alpha>255</alpha>
					</_color>
					<_fontStyle>3</_fontStyle>
					<_isCaseSensitive>true</_isCaseSensitive>
					<_tokenList>
						<_list>
							<string>assumptions</string>
							<string>backtracks</string>
							<string>bisect</string>
							<string>compl</string>
							<string>complete</string>
							<string>constraints</string>
							<string>cte</string>
							<string>decomposition</string>
							<string>domains</string>
							<string>domm (reserved)</string>
							<string>down</string>
							<string>each</string>
							<string>edge_finder</string>
							<string>entailments</string>
							<string>enum</string>
							<string>ff</string>
							<string>ffc</string>
							<string>inter</string>
							<string>interval</string>
							<string>leftmost</string>
							<string>lift</string>
							<string>liftedInt</string>
							<string>maxi</string>
							<string>maxx (reserved)</string>
							<string>mini</string>
							<string>minmax (reserved)</string>
							<string>minn (reserved)</string>
							<string>path_consistency</string>
							<string>precedences</string>
							<string>prunings</string>
							<string>range</string>
							<string>reasoning</string>
							<string>resumptions</string>
							<string>static_sets</string>
							<string>step</string>
							<string>superior</string>
							<string>toMaximize</string>
							<string>toMinimize</string>
							<string>typeprecedence</string>
							<string>uni</string>
							<string>up</string>
							<string>vall (reserved)</string>
							<string>value</string>
						</_list>
					</_tokenList>
				</acide.configuration.lexicon.tokens.AcideLexiconTokenGroup>
				<acide.configuration.lexicon.tokens.AcideLexiconTokenGroup>
					<_name>Color: [R: 0, G: 0, B: 0], Font Style: Bold, Case Sensitive:
						Yes</_name>
					<_color>
						<red>0</red>
						<green>0</green>
						<blue>0</blue>
						<alpha>255</alpha>
					</_color>
					<_fontStyle>2</_fontStyle>
					<_isCaseSensitive>true</_isCaseSensitive>
					<_tokenList>
						<_list>
							<string>TOY</string>
						</_list>
					</_tokenList>
				</acide.configuration.lexicon.tokens.AcideLexiconTokenGroup>
			</_list>
		</_list>
	</_tokenTypeManager>
	<_validExtensionsManager>
		<_list>
			<_list>
				<string>toy</string>
			</_list>
		</_list>
	</_validExtensionsManager>
	<_delimitersManager>
		<_list>
			<_list>
				<string>,</string>
				<string>=</string>
				<string>:-</string>
				<string>::</string>
				<string>&lt;==</string>
				<string>-&gt;</string>
				<string>+</string>
				<string>-</string>
				<string>*</string>
				<string>/</string>
				<string>**</string>
				<string>^</string>
				<string>==</string>
				<string>/=</string>
				<string>&lt;</string>
				<string>&lt;=</string>
				<string>&gt;</string>
				<string>&gt;=</string>
				<string>&gt;&gt;</string>
				<string>&gt;&gt;=</string>
				<string>:</string>
				<string>#=</string>
				<string>#\=</string>
				<string>#&lt;</string>
				<string>#&lt;=</string>
				<string>#&gt;</string>
				<string>#&gt;=</string>
				<string>#+</string>
				<string>#-</string>
				<string>#*</string>
				<string>#/</string>
				<string>#&amp;</string>
				<string>#&lt;=&gt;</string>
				<string>#=&gt;</string>
				<string>#\/</string>
			</_list>
		</_list>
	</_delimitersManager>
	<_remarksManager>
		<_symbol>%</_symbol>
		<_isCaseSensitive>false</_isCaseSensitive>
		<_color>
			<red>0</red>
			<green>124</green>
			<blue>0</blue>
			<alpha>255</alpha>
		</_color>
		<_fontStyle>0</_fontStyle>
	</_remarksManager>
</acide.configuration.lexicon.AcideLexiconConfiguration>
