<acide.configuration.lexicon.AcideLexiconConfiguration>
  <__name>z3_console</__name>
  <__path>C:\fernan\docs\projects\PREPARA\2013 CAVIART\Z3\z3_console.xml</__path>
  <__isCompiledOrInterpreted>false</__isCompiledOrInterpreted>
  <__tokenTypeManager>
    <__list>
      <__list>
        <acide.configuration.lexicon.tokens.AcideLexiconTokenGroup>
          <__name>Color: [R: 255, G: 0, B: 0], Font Style: Plain, Case Sensitive: No</__name>
          <__color>
            <red>255</red>
            <green>0</green>
            <blue>0</blue>
            <alpha>255</alpha>
          </__color>
          <__fontStyle>0</__fontStyle>
          <__isCaseSensitive>false</__isCaseSensitive>
          <__tokenList>
            <__list>
              <string>ERROR:</string>
            </__list>
          </__tokenList>
        </acide.configuration.lexicon.tokens.AcideLexiconTokenGroup>
        <acide.configuration.lexicon.tokens.AcideLexiconTokenGroup>
          <__name>Color: [R: 0, G: 0, B: 255], Font Style: Plain, Case Sensitive: No</__name>
          <__color>
            <red>0</red>
            <green>0</green>
            <blue>255</blue>
            <alpha>255</alpha>
          </__color>
          <__fontStyle>0</__fontStyle>
          <__isCaseSensitive>true</__isCaseSensitive>
          <__tokenList>
            <__list>
              <string>declare-const</string>
              <string>declare-fun</string>
              <string>define-const</string>
              <string>define-fun</string>
              <string>declare-sort</string>
              <string>declare-datatypes</string>
              <string>assert</string>
              <string>check-sat</string>
              <string>get-model</string>
              <string>get-value</string>
              <string>get-info</string>
              <string>get-version</string>
              <string>echo</string>
              <string>forall</string>
              <string>in</string>
              <string>as-array</string>
              <string>select</string>
              <string>store</string>
              <string>simplify</string>
              <string>WARNING:</string>
              <string>model</string>
              <string>define-fun</string>
              <string>ite</string>
              <string>as</string>
              <string>declare-rel</string>
              <string>declare-var</string>
              <string>rule</string>
              <string>query</string>
            </__list>
          </__tokenList>
        </acide.configuration.lexicon.tokens.AcideLexiconTokenGroup>
        <acide.configuration.lexicon.tokens.AcideLexiconTokenGroup>
          <__name>Color: [R: 0, G: 153, B: 51], Font Style: Bold, Case Sensitive: No</__name>
          <__color>
            <red>0</red>
            <green>153</green>
            <blue>51</blue>
            <alpha>255</alpha>
          </__color>
          <__fontStyle>1</__fontStyle>
          <__isCaseSensitive>false</__isCaseSensitive>
          <__tokenList>
            <__list>
              <string>sat</string>
            </__list>
          </__tokenList>
        </acide.configuration.lexicon.tokens.AcideLexiconTokenGroup>
        <acide.configuration.lexicon.tokens.AcideLexiconTokenGroup>
          <__name>Color: [R: 204, G: 102, B: 0], Font Style: Italic and Bold, Case Sensitive: No</__name>
          <__color>
            <red>204</red>
            <green>102</green>
            <blue>0</blue>
            <alpha>255</alpha>
          </__color>
          <__fontStyle>3</__fontStyle>
          <__isCaseSensitive>false</__isCaseSensitive>
          <__tokenList>
            <__list>
              <string>unknown</string>
            </__list>
          </__tokenList>
        </acide.configuration.lexicon.tokens.AcideLexiconTokenGroup>
        <acide.configuration.lexicon.tokens.AcideLexiconTokenGroup>
          <__name>Color: [R: 102, G: 51, B: 0], Font Style: Bold, Case Sensitive: No</__name>
          <__color>
            <red>102</red>
            <green>51</green>
            <blue>0</blue>
            <alpha>255</alpha>
          </__color>
          <__fontStyle>1</__fontStyle>
          <__isCaseSensitive>false</__isCaseSensitive>
          <__tokenList>
            <__list>
              <string>/in</string>
              <string>/st</string>
              <string>/smt</string>
              <string>/smt2</string>
              <string>/dl</string>
              <string>/dimacs</string>
              <string>/log</string>
              <string>/h</string>
              <string>/?</string>
              <string>/version</string>
              <string>/nw</string>
              <string>--</string>
              <string>Megabytes</string>
              <string>/ini?</string>
              <string>/v:level</string>
              <string>/ini:file</string>
              <string>/t:timeout</string>
              <string>/memory:megabytes</string>
              <string>/rs:num</string>
            </__list>
          </__tokenList>
        </acide.configuration.lexicon.tokens.AcideLexiconTokenGroup>
        <acide.configuration.lexicon.tokens.AcideLexiconTokenGroup>
          <__name>Color: [R: 91, G: 111, B: 0], Font Style: Bold, Case Sensitive: No</__name>
          <__color>
            <red>91</red>
            <green>111</green>
            <blue>0</blue>
            <alpha>255</alpha>
          </__color>
          <__fontStyle>1</__fontStyle>
          <__isCaseSensitive>false</__isCaseSensitive>
          <__tokenList>
            <__list>
              <string>Search</string>
              <string>heuristics:</string>
              <string>Miscellaneous:</string>
              <string>Usage:</string>
              <string>Output:</string>
              <string>Resources:</string>
            </__list>
          </__tokenList>
        </acide.configuration.lexicon.tokens.AcideLexiconTokenGroup>
        <acide.configuration.lexicon.tokens.AcideLexiconTokenGroup>
          <__name>Color: [R: 0, G: 102, B: 204], Font Style: Plain, Case Sensitive: No</__name>
          <__color>
            <red>0</red>
            <green>102</green>
            <blue>204</blue>
            <alpha>255</alpha>
          </__color>
          <__fontStyle>0</__fontStyle>
          <__isCaseSensitive>true</__isCaseSensitive>
          <__tokenList>
            <__list>
              <string>Microsoft</string>
              <string>Windows</string>
              <string>Corporation</string>
              <string>Copyright</string>
              <string>Corp</string>
              <string>XP</string>
            </__list>
          </__tokenList>
        </acide.configuration.lexicon.tokens.AcideLexiconTokenGroup>
        <acide.configuration.lexicon.tokens.AcideLexiconTokenGroup>
          <__name>Color: [R: 91, G: 111, B: 0], Font Style: Bold, Case Sensitive: Yes</__name>
          <__color reference="../../acide.configuration.lexicon.tokens.AcideLexiconTokenGroup[6]/_color"/>
          <__fontStyle>1</__fontStyle>
          <__isCaseSensitive>true</__isCaseSensitive>
          <__tokenList>
            <__list>
              <string>Input</string>
              <string>format:</string>
            </__list>
          </__tokenList>
        </acide.configuration.lexicon.tokens.AcideLexiconTokenGroup>
        <acide.configuration.lexicon.tokens.AcideLexiconTokenGroup>
          <__name>Color: [R: 255, G: 0, B: 0], Font Style: Italic and Bold, Case Sensitive: No</__name>
          <__color>
            <red>255</red>
            <green>0</green>
            <blue>0</blue>
            <alpha>255</alpha>
          </__color>
          <__fontStyle>3</__fontStyle>
          <__isCaseSensitive>false</__isCaseSensitive>
          <__tokenList>
            <__list>
              <string>unsat</string>
            </__list>
          </__tokenList>
        </acide.configuration.lexicon.tokens.AcideLexiconTokenGroup>
        <acide.configuration.lexicon.tokens.AcideLexiconTokenGroup>
          <__name>Color: [R: 0, G: 102, B: 204], Font Style: Plain, Case Sensitive: Yes</__name>
          <__color reference="../../acide.configuration.lexicon.tokens.AcideLexiconTokenGroup[7]/_color"/>
          <__fontStyle>0</__fontStyle>
          <__isCaseSensitive>true</__isCaseSensitive>
          <__tokenList>
            <__list>
              <string>Corp.</string>
            </__list>
          </__tokenList>
        </acide.configuration.lexicon.tokens.AcideLexiconTokenGroup>
        <acide.configuration.lexicon.tokens.AcideLexiconTokenGroup>
          <__name>Color: [R: 102, G: 153, B: 0], Font Style: Plain, Case Sensitive: No</__name>
          <__color>
            <red>102</red>
            <green>153</green>
            <blue>0</blue>
            <alpha>255</alpha>
          </__color>
          <__fontStyle>0</__fontStyle>
          <__isCaseSensitive>false</__isCaseSensitive>
          <__tokenList>
            <__list>
              <string>Int</string>
              <string>Real</string>
              <string>Bool</string>
              <string>Array</string>
              <string>true</string>
              <string>false</string>
              <string>0</string>
              <string>1</string>
              <string>2</string>
              <string>3</string>
              <string>4</string>
              <string>5</string>
              <string>6</string>
              <string>7</string>
              <string>8</string>
              <string>9</string>
            </__list>
          </__tokenList>
        </acide.configuration.lexicon.tokens.AcideLexiconTokenGroup>
        <acide.configuration.lexicon.tokens.AcideLexiconTokenGroup>
          <__name>Color: [R: 204, G: 153, B: 0], Font Style: Bold, Case Sensitive: No</__name>
          <__color>
            <red>204</red>
            <green>153</green>
            <blue>0</blue>
            <alpha>255</alpha>
          </__color>
          <__fontStyle>1</__fontStyle>
          <__isCaseSensitive>false</__isCaseSensitive>
          <__tokenList>
            <__list>
              <string>+</string>
              <string>-</string>
              <string>*</string>
              <string>/</string>
            </__list>
          </__tokenList>
        </acide.configuration.lexicon.tokens.AcideLexiconTokenGroup>
        <acide.configuration.lexicon.tokens.AcideLexiconTokenGroup>
          <__name>Color: [R: 0, G: 0, B: 153], Font Style: Bold, Case Sensitive: No</__name>
          <__color>
            <red>0</red>
            <green>0</green>
            <blue>153</blue>
            <alpha>255</alpha>
          </__color>
          <__fontStyle>1</__fontStyle>
          <__isCaseSensitive>false</__isCaseSensitive>
          <__tokenList>
            <__list>
              <string>and</string>
              <string>or</string>
              <string>not</string>
              <string>xor</string>
              <string>=</string>
              <string>&gt;</string>
              <string>&gt;=</string>
              <string>&lt;</string>
              <string>&lt;=</string>
              <string>!</string>
            </__list>
          </__tokenList>
        </acide.configuration.lexicon.tokens.AcideLexiconTokenGroup>
      </__list>
    </__list>
  </__tokenTypeManager>
  <__validExtensionsManager>
    <__list>
      <__list/>
    </__list>
  </__validExtensionsManager>
  <__delimitersManager>
    <__list>
      <__list>
        <string>(</string>
        <string>)</string>
        <string>,</string>
        <string>&gt;</string>
        <string>.</string>
        <string>0</string>
        <string>1</string>
        <string>2</string>
        <string>3</string>
        <string>4</string>
        <string>5</string>
        <string>6</string>
        <string>7</string>
        <string>8</string>
        <string>9</string>
        <string>!</string>
      </__list>
    </__list>
  </__delimitersManager>
  <__remarksManager>
    <__symbol>;</__symbol>
    <__isCaseSensitive>false</__isCaseSensitive>
    <__color>
      <red>102</red>
      <green>153</green>
      <blue>0</blue>
      <alpha>255</alpha>
    </__color>
    <__fontStyle>0</__fontStyle>
  </__remarksManager>
</acide.configuration.lexicon.AcideLexiconConfiguration>